num_solution,nb_solution,gain_ene,taux_ene,gain_eau,taux_eau,gain,taux_gain,co2,taux_co2,cout,taux_cout
2,4,0.0,1,0.0,1,0.0,1,891.0,3,761789.86,2
3,0,0.0,1,0.0,1,0.0,1,0.0,1,0.0,1
4,4,254700.0,3,0.0,1,27777.78,3,0.0,1,0.0,1
5,1,115000.0,4,0.0,1,5755.4,4,0.0,1,110.68,4
6,2,0.0,1,0.0,1,0.0,1,0.0,1,0.0,1
7,0,0.0,1,0.0,1,0.0,1,0.0,1,0.0,1
8,2,450000.0,4,0.0,1,51851.85,4,0.0,1,7407.41,4
9,0,0.0,1,0.0,1,0.0,1,0.0,1,0.0,1
10,2,0.0,1,0.0,1,0.0,1,0.0,1,0.0,1
11,1,0.0,1,0.0,1,0.0,1,0.0,1,0.0,1
12,0,0.0,1,0.0,1,0.0,1,0.0,1,0.0,1
13,1,0.0,1,0.0,1,0.0,1,0.0,1,0.0,1
14,2,79019.0,4,0.0,1,2997.15,4,0.0,1,12805.72,4
15,0,0.0,1,0.0,1,0.0,1,0.0,1,0.0,1
16,0,0.0,1,0.0,1,0.0,1,0.0,1,0.0,1
17,5,623749.04,4,0.0,1,414135.8,4,180.0,5,402380.95,4
18,1,0.0,1,0.0,1,0.0,1,0.0,1,0.0,1
19,4,1259922.33,4,0.0,1,119584.21,3,0.0,1,330655.96,5
20,0,0.0,1,0.0,1,0.0,1,0.0,1,0.0,1
21,1,0.0,1,0.0,1,0.0,1,0.0,1,0.0,1
22,1,0.0,1,0.0,1,0.0,1,0.0,1,0.0,1
23,0,0.0,1,0.0,1,0.0,1,0.0,1,0.0,1
24,2,0.0,1,0.0,1,0.0,1,0.0,1,0.0,1
25,1,30648.0,4,0.0,1,3024.59,4,0.0,1,3506.33,4
26,1,0.0,1,0.0,1,0.0,1,0.0,1,0.0,1
27,1,3000000.0,4,0.0,1,138888.89,4,0.0,1,509259.26,4
28,3,0.0,1,0.0,1,0.0,1,0.0,1,0.0,1
29,7,98240.57,4,0.0,1,9185.95,4,0.0,1,542.17,4
30,0,0.0,1,0.0,1,0.0,1,0.0,1,0.0,1
31,0,0.0,1,0.0,1,0.0,1,0.0,1,0.0,1
32,3,648272.0,2,0.0,1,0.0,1,0.0,1,0.0,1
33,1,0.0,1,0.0,1,0.0,1,0.0,1,0.0,1
34,2,300000.0,3,0.0,1,13888.89,3,0.0,1,0.0,1
35,0,0.0,1,0.0,1,0.0,1,0.0,1,0.0,1
36,1,0.0,1,0.0,1,0.0,1,0.0,1,0.0,1
39,3,92800.0,4,0.0,1,9259.26,4,0.0,1,188888.89,4
40,3,0.0,1,0.0,1,0.0,1,0.0,1,37.01,2
41,0,0.0,1,0.0,1,0.0,1,0.0,1,0.0,1
42,2,1552750.0,4,0.0,1,80944.44,4,0.0,1,270875.0,4
43,23,45849403.17,3,125.0,3,95959.95,3,15.0,4,134922.48,3
44,0,0.0,1,0.0,1,0.0,1,0.0,1,0.0,1
45,1,0.0,1,0.0,1,0.0,1,0.0,1,0.0,1
46,39,322560.88,3,0.0,1,18504.77,3,631.98,2,148921.53,3
47,0,0.0,1,0.0,1,0.0,1,0.0,1,0.0,1
48,5,178387.04,3,0.0,1,1111111.11,3,0.0,1,672000.0,3
49,0,0.0,1,0.0,1,0.0,1,0.0,1,0.0,1
50,5,205409.14,5,0.0,1,8707.15,5,73.33,5,6919.65,5
51,1,0.0,1,0.0,1,0.0,1,0.0,1,0.0,1
54,16,2434655.17,5,0.0,1,200153.98,5,3.4,5,388092.74,4
55,3,1988000.0,4,0.0,1,29690.0,4,0.0,1,113500.0,4
56,0,0.0,1,0.0,1,0.0,1,0.0,1,0.0,1
57,0,0.0,1,0.0,1,0.0,1,0.0,1,0.0,1
58,4,-68907.57,4,0.0,1,133.8,4,0.0,1,6700.56,4
59,1,4478000.0,4,0.0,1,3240740.74,4,0.0,1,1111111.11,4
60,2,2724000.0,4,0.0,1,98356.48,4,0.0,1,48544.44,4
61,1,0.0,1,0.0,1,0.0,1,0.0,1,9513.89,2
62,2,0.0,1,0.0,1,0.0,1,0.0,1,0.0,1
63,3,0.0,1,0.0,1,38796.3,3,0.0,1,21759.26,3
64,4,0.0,1,0.0,1,23242.94,2,0.0,1,0.0,1
65,2,0.0,1,0.0,1,0.0,1,0.0,1,0.0,1
66,1,0.0,1,0.0,1,0.0,1,0.0,1,0.0,1
67,10,245685.19,4,0.0,1,270613.09,3,0.0,1,339727.53,4
68,1,0.0,1,0.0,1,0.0,1,0.0,1,0.0,1
69,1,0.0,1,0.0,1,0.0,1,0.0,1,0.0,1
70,10,2183899.3,4,0.0,1,131983.18,4,3898.0,4,44097.37,4
71,0,0.0,1,0.0,1,0.0,1,0.0,1,0.0,1
72,0,0.0,1,0.0,1,0.0,1,0.0,1,0.0,1
73,1,0.0,1,0.0,1,0.0,1,0.0,1,0.0,1
74,0,0.0,1,0.0,1,0.0,1,0.0,1,0.0,1
75,3,0.0,1,0.0,1,0.0,1,0.0,1,0.0,1
76,2,34576.0,4,0.0,1,1787.49,4,0.0,1,193.69,4
77,0,0.0,1,0.0,1,0.0,1,0.0,1,0.0,1
78,12,34014167.17,3,0.0,1,0.0,1,47954.85,4,234113.03,3
79,31,1076781.12,5,0.0,1,63720.6,4,1835.61,5,67661.96,4
80,10,1522956.9,4,0.0,1,19028.66,4,312.31,5,91251.6,4
81,2,2750000.0,4,0.0,1,148148.15,4,2126.0,4,0.0,1
82,4,347195.22,4,0.0,1,12964.92,4,88.23,4,166419.1,4
83,0,0.0,1,0.0,1,0.0,1,0.0,1,0.0,1
84,0,0.0,1,0.0,1,0.0,1,0.0,1,0.0,1
85,1,20000.0,4,0.0,1,708.36,4,0.0,1,387.38,4
86,1,0.0,1,0.0,1,0.0,1,0.0,1,0.0,1
87,0,0.0,1,0.0,1,0.0,1,0.0,1,0.0,1
88,0,0.0,1,0.0,1,0.0,1,0.0,1,0.0,1
89,3,261113.2,4,0.0,1,0.0,1,56.33,4,200875.74,4
90,0,0.0,1,0.0,1,0.0,1,0.0,1,0.0,1
91,1,0.0,1,0.0,1,0.0,1,0.0,1,0.0,1
92,11,349041.67,5,0.0,1,33844.23,4,254.5,5,41499.26,4
93,3,0.0,1,0.0,1,16261.86,3,0.0,1,2703.27,3
94,2,2464000.0,4,0.0,1,48299.84,4,0.0,1,70271.74,4
95,10,58148.52,4,0.0,1,18518.52,4,0.0,1,40076.39,4
97,31,3201580.88,4,0.0,1,3570.81,3,840.97,4,132162.44,3
99,5,10600.0,4,0.0,1,724.0,4,0.0,1,21000.0,4
100,0,0.0,1,0.0,1,0.0,1,0.0,1,0.0,1
102,0,0.0,1,0.0,1,0.0,1,0.0,1,0.0,1
103,2,0.0,1,0.0,1,14378.7,2,0.0,1,0.0,1
104,0,0.0,1,0.0,1,0.0,1,0.0,1,0.0,1
105,1,0.0,1,0.0,1,0.0,1,0.0,1,340.0,2
108,3,2.17,3,0.0,1,45497.47,3,0.0,1,75000.0,3
109,0,0.0,1,0.0,1,0.0,1,0.0,1,0.0,1
110,4,0.0,1,0.0,1,0.0,1,0.0,1,0.0,1
111,0,0.0,1,0.0,1,0.0,1,0.0,1,0.0,1
113,2,0.0,1,0.0,1,1100.0,3,0.0,1,4767.78,2
114,0,0.0,1,0.0,1,0.0,1,0.0,1,0.0,1
115,0,0.0,1,0.0,1,0.0,1,0.0,1,0.0,1
116,0,0.0,1,0.0,1,0.0,1,0.0,1,0.0,1
117,0,0.0,1,0.0,1,0.0,1,0.0,1,0.0,1
118,0,0.0,1,0.0,1,0.0,1,0.0,1,0.0,1
120,2,0.0,1,0.0,1,8750.0,2,0.0,1,0.0,1
121,4,31676.47,4,0.0,1,27592.13,3,3.0,4,0.0,1
122,0,0.0,1,0.0,1,0.0,1,0.0,1,0.0,1
123,0,0.0,1,0.0,1,0.0,1,0.0,1,0.0,1
124,0,0.0,1,0.0,1,0.0,1,0.0,1,0.0,1
125,0,0.0,1,0.0,1,0.0,1,0.0,1,0.0,1
126,0,0.0,1,0.0,1,0.0,1,0.0,1,0.0,1
127,1,0.0,1,0.0,1,0.0,1,0.0,1,0.0,1
128,1,0.0,1,0.0,1,0.0,1,0.0,1,0.0,1
129,0,0.0,1,0.0,1,0.0,1,0.0,1,0.0,1
130,0,0.0,1,0.0,1,0.0,1,0.0,1,0.0,1
131,0,0.0,1,0.0,1,0.0,1,0.0,1,0.0,1
132,0,0.0,1,0.0,1,0.0,1,0.0,1,0.0,1
133,0,0.0,1,0.0,1,0.0,1,0.0,1,0.0,1
134,0,0.0,1,0.0,1,0.0,1,0.0,1,0.0,1
135,0,0.0,1,0.0,1,0.0,1,0.0,1,0.0,1
136,9,409967.31,4,0.0,1,13302.22,4,265.56,4,248.77,5
137,1,0.0,1,0.0,1,0.0,1,0.0,1,0.0,1
138,0,0.0,1,0.0,1,0.0,1,0.0,1,0.0,1
139,16,1741513.57,4,0.0,1,207433.68,3,9981.53,5,48928.1,3
140,5,255.2,4,0.0,1,43438.09,3,0.0,1,29527.28,3
141,0,0.0,1,0.0,1,0.0,1,0.0,1,0.0,1
142,1,0.0,1,0.0,1,448958.33,2,0.0,1,0.0,1
143,0,0.0,1,0.0,1,0.0,1,0.0,1,0.0,1
144,5,202081.63,3,0.0,1,67483.33,4,0.0,1,72337.96,4
145,3,214000.0,3,0.0,1,9147.0,3,0.0,1,0.0,1
146,8,128000.0,2,0.0,1,231481.48,2,0.0,1,0.0,1
147,21,1137008.0,4,27.06,3,15951.78,3,0.0,1,166818.4,4
148,8,0.0,1,0.0,1,104895.1,2,0.0,1,0.0,1
149,9,0.0,1,0.0,1,0.0,3,0.0,1,2151.82,2
150,9,823391.44,4,0.0,1,1053595.05,4,0.0,1,19507.88,4
151,14,0.0,1,0.0,1,31481.48,2,0.0,1,0.0,1
152,6,5275.56,3,0.0,1,5205.06,3,0.0,1,462.96,4
153,3,80000.0,5,0.0,1,4000.0,5,2.0,5,3400.0,5
154,42,1144662.8,3,0.0,1,42417.19,3,234.33,4,155860.54,3
155,3,0.0,1,0.0,1,0.0,1,0.0,1,200.93,2
156,2,114200.0,4,0.0,1,3870.37,4,0.0,1,6277.78,4
157,0,0.0,1,0.0,1,0.0,1,0.0,1,0.0,1
158,1,133025.0,2,0.0,1,0.0,1,0.0,1,0.0,1
159,0,0.0,1,0.0,1,0.0,1,0.0,1,0.0,1
160,87,350974.62,4,0.0,1,29928.5,4,210.16,5,37038.73,4
161,10,0.0,1,0.0,1,0.0,1,0.0,1,0.0,1
162,2,0.0,1,0.0,1,0.0,1,0.0,1,0.0,1
163,5,42269.43,4,0.0,1,93752.26,4,0.0,1,2767.02,4
164,0,0.0,1,0.0,1,0.0,1,0.0,1,0.0,1
165,1,0.0,1,0.0,1,0.0,1,0.0,1,0.0,1
167,1,0.0,1,0.0,1,0.0,1,0.0,1,0.0,1
168,0,0.0,1,0.0,1,0.0,1,0.0,1,0.0,1
169,0,0.0,1,0.0,1,0.0,1,0.0,1,0.0,1
170,3,0.0,1,0.0,1,23148.15,3,0.0,1,41666.67,3
171,5,20561.03,4,0.0,1,1665.83,4,0.0,1,898.77,4
172,2,0.0,1,0.0,1,0.0,1,0.0,1,0.0,1
174,1,0.0,1,0.0,1,0.0,1,0.0,1,0.0,1
176,1,0.0,1,0.0,1,0.0,1,0.0,1,0.0,1
178,0,0.0,1,0.0,1,0.0,1,0.0,1,0.0,1
179,3,18.04,4,0.0,1,383697.06,4,0.0,1,1513151.02,3
180,1,0.0,1,0.0,1,0.0,1,0.0,1,0.0,1
181,0,0.0,1,0.0,1,0.0,1,0.0,1,0.0,1
182,25,337299.42,4,438100.28,5,42940.73,4,151.42,5,15758.15,5
183,0,0.0,1,0.0,1,0.0,1,0.0,1,0.0,1
184,4,1839401.85,4,0.0,1,54853.22,2,741.0,4,230916.33,4
185,1,2085000.0,3,0.0,1,0.0,1,0.0,1,11208.0,3
186,0,0.0,1,0.0,1,0.0,1,0.0,1,0.0,1
187,0,0.0,1,0.0,1,0.0,1,0.0,1,0.0,1
188,0,0.0,1,0.0,1,0.0,1,0.0,1,0.0,1
189,0,0.0,1,0.0,1,0.0,1,0.0,1,0.0,1
191,13,36.32,3,29.0,4,170860.15,3,302.73,2,3304.26,3
192,12,42.53,4,1.35,5,99063.95,4,149.12,5,22852.09,4
193,5,23200000.0,5,0.0,1,72134.5,3,4700.0,5,51284.06,3
194,4,0.0,1,97.0,4,36305.58,3,0.0,1,13590.31,3
196,13,31.91,4,82.5,5,121151.03,4,541.86,5,7323.85,4
197,0,0.0,1,0.0,1,0.0,1,0.0,1,0.0,1
198,2,0.0,1,0.0,1,0.0,1,0.0,1,0.0,1
199,1,47.39,3,0.0,1,277777.78,3,0.0,1,0.0,1
200,0,0.0,1,0.0,1,0.0,1,0.0,1,0.0,1
201,0,0.0,1,0.0,1,0.0,1,0.0,1,0.0,1
202,0,0.0,1,0.0,1,0.0,1,0.0,1,0.0,1
203,0,0.0,1,0.0,1,0.0,1,0.0,1,0.0,1
204,5,94.38,4,0.0,1,212893.08,4,3300.0,4,0.0,1
205,4,139.32,3,6.0,4,303085.4,3,16.0,4,0.0,1
206,1,0.0,1,0.0,1,0.0,1,0.0,1,0.0,1
207,0,0.0,1,0.0,1,0.0,1,0.0,1,0.0,1
208,1,16400000.0,4,0.0,1,301000.0,4,3000.0,4,0.0,1
209,0,0.0,1,0.0,1,0.0,1,0.0,1,0.0,1
210,0,0.0,1,0.0,1,0.0,1,0.0,1,0.0,1
211,21,26.78,3,38.89,3,78134.74,4,2114.1,4,83563.41,4
212,10,4633909.85,3,0.0,1,66788.96,4,50.0,4,281151.04,4
213,8,6.02,4,0.0,1,104607.68,4,0.0,1,127650.85,4
214,13,6107906.3,4,0.0,1,53464.19,3,948.5,4,459952.52,3
215,0,0.0,1,0.0,1,0.0,1,0.0,1,0.0,1
216,4,161.46,4,0.0,1,630933.33,4,0.0,1,1434478.32,3
217,1,0.0,1,0.0,1,13148.15,2,0.0,1,0.0,1
218,2,0.44,4,0.0,1,62402.78,4,12896.0,4,40777.31,4
219,5,12441476.77,4,0.0,1,829460.32,4,12542.0,5,2314814.81,5
221,13,533000.08,4,0.0,1,22149.38,4,0.0,1,9518.21,4
222,40,6279504.33,3,0.0,1,113755.96,3,0.0,1,419139.84,3
223,35,473594.03,3,0.0,1,4603.89,3,1239.22,3,13508.59,4
225,1,0.0,1,0.0,1,0.0,1,0.0,1,30.0,2
226,9,0.0,1,0.0,1,9000.0,2,0.0,1,74000.0,2
227,1,0.0,1,0.0,1,0.0,1,0.0,1,0.0,1
228,0,0.0,1,0.0,1,0.0,1,0.0,1,0.0,1
229,3,16100.0,5,0.0,1,2800.0,5,7.8,5,8400.0,5
230,1,0.0,1,0.0,1,0.0,1,0.0,1,0.0,1
231,4,105000.0,3,0.0,1,8900.0,3,0.0,1,0.0,1
232,0,0.0,1,0.0,1,0.0,1,0.0,1,0.0,1
233,6,15800.0,2,0.0,1,0.0,1,0.0,1,0.0,1
234,0,0.0,1,0.0,1,0.0,1,0.0,1,0.0,1
235,0,0.0,1,0.0,1,0.0,1,0.0,1,0.0,1
236,33,453700.0,2,0.0,1,0.0,1,0.0,1,0.0,1
239,2,175000.0,3,0.0,1,5555.56,3,0.0,1,0.0,1
240,193,23374157.77,4,0.0,1,4245625.65,3,74195.64,4,57900699.61,3
241,4,0.0,1,0.0,1,4850.0,2,0.0,1,0.0,1
242,1,0.0,1,0.0,1,14179.63,2,0.0,1,0.0,1
243,1,7500.0,4,0.0,1,387.38,4,0.0,1,1660.21,4
245,9,0.0,1,0.0,1,0.0,1,0.0,1,0.0,1
246,19,249844.85,4,10.69,4,368544.44,4,9459.99,4,147906.62,4
248,1,0.0,1,0.0,1,66950.93,4,2216.0,4,7715.74,4
249,3,37746.0,4,0.0,1,2444.44,4,0.0,1,7990.64,3
250,19,13956.3,3,0.0,1,3064.92,3,0.0,1,15583.04,3
251,7,59094.0,2,0.0,1,0.0,1,0.0,1,0.0,1
252,7,0.0,1,0.0,1,0.0,1,0.0,1,0.0,1
253,14,53895.19,3,0.0,1,4445.48,3,0.0,1,350782.11,3
254,16,174300.0,4,0.0,1,8333.0,4,0.0,1,114629.63,3
255,5,0.0,1,0.0,1,0.0,1,0.0,1,0.0,1
256,0,0.0,1,0.0,1,0.0,1,0.0,1,0.0,1
257,1,0.0,1,0.0,1,0.0,1,0.0,1,0.0,1
258,2,0.0,1,0.0,1,0.0,1,0.0,1,0.0,1
259,0,0.0,1,0.0,1,0.0,1,0.0,1,0.0,1
260,0,0.0,1,0.0,1,0.0,1,0.0,1,0.0,1
261,3,4.78,3,0.0,1,40311.11,3,0.0,1,0.0,1
262,0,0.0,1,0.0,1,0.0,1,0.0,1,0.0,1
263,0,0.0,1,0.0,1,0.0,1,0.0,1,0.0,1
264,0,0.0,1,0.0,1,0.0,1,0.0,1,0.0,1
265,0,0.0,1,0.0,1,0.0,1,0.0,1,0.0,1
266,0,0.0,1,0.0,1,0.0,1,0.0,1,0.0,1
267,0,0.0,1,0.0,1,0.0,1,0.0,1,0.0,1
268,1,0.0,1,0.0,1,0.0,1,0.0,1,0.0,1
269,0,0.0,1,0.0,1,0.0,1,0.0,1,0.0,1
270,12,0.0,1,0.0,1,0.0,1,0.0,1,11557.14,2
271,0,0.0,1,0.0,1,0.0,1,0.0,1,0.0,1
272,0,0.0,1,0.0,1,0.0,1,0.0,1,0.0,1
273,0,0.0,1,0.0,1,0.0,1,0.0,1,0.0,1
274,4,25703.79,4,0.0,1,0.0,1,34.0,4,64000.0,4
275,1,0.0,1,0.0,1,0.0,1,0.0,1,0.0,1
276,17,0.0,1,0.0,1,0.0,1,0.0,1,0.0,1
277,1,0.0,1,0.0,1,0.0,1,0.0,1,0.0,1
279,0,0.0,1,0.0,1,0.0,1,0.0,1,0.0,1
280,5,337818.55,2,0.0,1,15650.37,2,0.0,1,0.0,1
282,0,0.0,1,0.0,1,0.0,1,0.0,1,0.0,1
283,0,0.0,1,0.0,1,0.0,1,0.0,1,0.0,1
285,0,0.0,1,0.0,1,0.0,1,0.0,1,0.0,1
286,1,0.0,1,0.0,1,0.0,1,0.0,1,0.0,1
287,0,0.0,1,0.0,1,0.0,1,0.0,1,0.0,1
290,0,0.0,1,0.0,1,0.0,1,0.0,1,0.0,1
291,2,136389.98,2,0.0,1,0.0,1,0.0,1,0.0,1
292,0,0.0,1,0.0,1,0.0,1,0.0,1,0.0,1
293,0,0.0,1,0.0,1,0.0,1,0.0,1,0.0,1
294,1,1388900.0,4,0.0,1,40774.15,4,0.0,1,138095.24,4
295,19,30855.25,4,0.0,1,27861.89,4,22.5,3,13360.03,4
296,5,26000000.0,2,0.0,1,1174296.3,2,0.0,1,3000.0,2
297,0,0.0,1,0.0,1,0.0,1,0.0,1,0.0,1
298,1,0.0,1,0.0,1,0.0,1,0.0,1,0.0,1
299,0,0.0,1,0.0,1,0.0,1,0.0,1,0.0,1
300,0,0.0,1,0.0,1,0.0,1,0.0,1,0.0,1
301,0,0.0,1,0.0,1,0.0,1,0.0,1,0.0,1
302,0,0.0,1,0.0,1,0.0,1,0.0,1,0.0,1
304,1,0.0,1,380.0,5,47892.59,5,1080.0,5,7981.48,5
305,0,0.0,1,0.0,1,0.0,1,0.0,1,0.0,1
306,0,0.0,1,0.0,1,0.0,1,0.0,1,0.0,1
307,2,0.0,1,0.0,1,0.0,1,0.0,1,10163.76,4
308,2,30.33,3,0.0,1,276851.85,3,0.0,1,0.0,1
309,2,1.52,4,0.0,1,11722.22,4,0.0,1,9398.15,4
310,3,0.0,1,0.0,1,0.0,1,0.0,1,89926.87,2
311,1,0.0,1,0.0,1,0.0,1,0.0,1,0.0,1
312,10,81.9,3,0.0,1,279108.98,3,0.0,1,30.49,4
314,0,0.0,1,0.0,1,0.0,1,0.0,1,0.0,1
315,0,0.0,1,0.0,1,0.0,1,0.0,1,0.0,1
316,0,0.0,1,0.0,1,0.0,1,0.0,1,0.0,1
317,1,225000.0,4,0.0,1,11211.95,4,0.0,1,2213.61,4
319,0,0.0,1,0.0,1,0.0,1,0.0,1,0.0,1
320,6,1.14,3,17.2,5,3556.06,4,34.11,5,3390.54,5
321,11,88828.63,4,0.0,1,49661.81,4,103782.67,4,36704.04,4
322,27,0.0,1,0.0,1,624398.89,2,0.0,1,0.0,1
323,0,0.0,1,0.0,1,0.0,1,0.0,1,0.0,1
324,0,0.0,1,0.0,1,0.0,1,0.0,1,0.0,1
325,6,209.46,3,0.0,1,616953.7,3,0.0,1,110550.68,3
327,0,0.0,1,0.0,1,0.0,1,0.0,1,0.0,1
328,1,0.0,1,0.0,1,3629.37,3,224.0,3,0.0,1
329,83,1418049.97,4,0.0,1,304429.62,4,479.91,4,169599.04,4
330,1,0.0,1,0.0,1,0.0,1,0.0,1,0.0,1
331,9,1714799.6,4,0.0,1,85263.28,4,2800.0,4,72012.73,4
332,26,410627.27,3,0.0,1,40608.23,3,276.65,4,23333.33,4
333,4,516977.77,4,0.0,1,203433.8,3,180.0,4,140668.63,4
334,75,89145.87,4,0.0,1,22018.82,3,0.0,1,945.16,4
335,23,2316600.0,3,0.0,1,93210.57,3,0.84,4,12000.0,4
336,20,18.74,3,0.0,1,118721.42,3,0.0,1,90267.0,3
337,3,0.0,1,0.0,1,207534.26,3,0.0,1,31927.78,3
338,0,0.0,1,0.0,1,0.0,1,0.0,1,0.0,1
339,5,0.0,1,927704.3,5,27449.61,4,12.83,5,576.72,4
340,1,0.0,1,0.0,1,0.0,1,0.0,1,0.0,1
341,3,17000.0,4,0.0,1,53296.49,3,9.0,4,0.0,3
342,6,81097.61,4,0.0,1,535288.97,3,468.0,4,32407.41,3
343,0,0.0,1,0.0,1,0.0,1,0.0,1,0.0,1
344,0,0.0,1,0.0,1,0.0,1,0.0,1,0.0,1
345,1,0.0,1,0.0,1,0.0,1,0.0,1,0.0,1
346,2,1920.0,4,0.0,1,93.41,4,0.0,1,276.7,4
347,0,0.0,1,0.0,1,0.0,1,0.0,1,0.0,1
348,5,0.0,1,0.0,1,370542.59,4,11520.0,4,44275.91,3
349,4,10700000.0,2,300.0,4,24349.75,4,0.0,1,55340.34,4
350,1,127.95,3,0.0,1,875000.0,3,0.0,1,0.0,1
351,2,0.0,1,0.0,1,0.0,1,0.0,1,5055.56,2
352,4,25301.25,5,0.0,1,43065.63,5,2648.04,5,28163.14,4
353,0,0.0,1,0.0,1,0.0,1,0.0,1,0.0,1
354,0,0.0,1,0.0,1,0.0,1,0.0,1,0.0,1
355,2,48.14,4,0.0,1,324353.6,4,0.0,1,45370.37,4
356,3,500000.0,2,0.0,1,4264.0,2,0.0,1,0.0,1
357,2,0.0,1,1.49,4,5572.38,3,4.0,4,0.0,1
358,7,2231128.96,4,0.0,1,60240.96,2,594.0,4,167091.16,4
359,9,0.0,1,400.0,5,98555.66,3,1108.0,5,134092.85,3
360,3,3360000.0,4,0.0,1,158335.7,4,0.0,1,99446.71,4
361,5,0.45,4,0.0,1,50795.61,3,0.0,1,462.96,4
364,0,0.0,1,0.0,1,0.0,1,0.0,1,0.0,1
365,1,0.0,1,0.0,1,0.0,1,0.0,1,0.0,1
366,0,0.0,1,0.0,1,0.0,1,0.0,1,0.0,1
367,4,309000.0,5,37.5,5,8642.12,5,50.33,5,10127.89,5
368,14,29050.98,4,0.0,1,14590.0,4,24.85,5,121201.67,5
370,9,0.0,1,0.0,1,0.0,1,750.0,2,0.0,1
371,3,0.0,1,0.0,1,0.0,1,0.0,1,0.0,1
373,7,115000.0,3,0.0,1,30475.07,3,0.0,1,214210.88,3
374,0,0.0,1,0.0,1,0.0,1,0.0,1,0.0,1
376,3,0.0,1,0.0,1,0.0,1,0.0,1,0.0,1
377,0,0.0,1,0.0,1,0.0,1,0.0,1,0.0,1
378,5,150.0,2,0.0,1,18518.52,3,0.0,1,3703.7,3
379,1,0.0,1,0.0,1,0.0,1,0.0,1,0.0,1
380,0,0.0,1,0.0,1,0.0,1,0.0,1,0.0,1
381,3,0.0,1,0.0,1,0.0,1,0.0,1,0.0,1
382,6,77350.0,4,0.0,1,4000.0,4,0.0,1,71925.93,3
384,4,0.0,1,0.0,1,0.0,1,137.0,2,8000000.0,2
385,2,0.0,1,0.0,1,16666.67,3,0.0,1,41666.67,3
386,0,0.0,1,0.0,1,0.0,1,0.0,1,0.0,1
388,6,0.0,1,0.0,1,0.0,1,0.0,1,200000.0,2
389,0,0.0,1,0.0,1,0.0,1,0.0,1,0.0,1
390,3,0.0,1,0.0,1,0.0,1,0.0,1,0.0,1
391,2,0.0,1,0.0,1,0.0,1,0.0,1,0.0,1
392,0,0.0,1,0.0,1,0.0,1,0.0,1,0.0,1
393,0,0.0,1,0.0,1,0.0,1,0.0,1,0.0,1
394,8,121540.15,4,0.0,1,5314.55,4,11.0,4,6921.82,4
395,0,0.0,1,0.0,1,0.0,1,0.0,1,0.0,1
396,0,0.0,1,0.0,1,0.0,1,0.0,1,0.0,1
397,0,0.0,1,0.0,1,0.0,1,0.0,1,0.0,1
398,0,0.0,1,0.0,1,0.0,1,0.0,1,0.0,1
399,3,118000000.0,2,0.0,1,0.0,1,0.0,1,0.0,1
400,1,282000.0,4,0.0,1,10655.56,4,0.0,1,39322.22,4
403,1,1050000.0,5,0.0,1,76000.0,5,105.0,5,165000.0,5
404,0,0.0,1,0.0,1,0.0,1,0.0,1,0.0,1
405,0,0.0,1,0.0,1,0.0,1,0.0,1,0.0,1
406,11,450579.0,4,0.0,1,37709.69,3,463.0,4,21081.96,3
407,0,0.0,1,0.0,1,0.0,1,0.0,1,0.0,1
408,1,0.0,1,0.0,1,0.0,1,0.0,1,0.0,1
411,1,0.0,1,0.0,1,0.0,1,0.0,1,0.0,1
412,2,0.0,1,0.0,1,0.0,1,18.0,2,0.0,1
414,0,0.0,1,0.0,1,0.0,1,0.0,1,0.0,1
415,2,674923.0,4,0.0,1,51463.89,4,0.0,1,64814.81,4
416,3,15800.0,2,0.0,1,0.0,1,0.0,1,0.0,1
418,17,27798.55,2,0.0,1,760.0,3,0.0,1,0.0,1
419,2,135800.0,4,0.0,1,15398.15,4,0.0,1,20740.74,4
420,8,2676063.42,4,0.0,1,525996.68,4,2072.0,4,0.0,1
421,2,14600.0,4,0.0,1,791.57,4,0.0,1,903.61,4
422,0,0.0,1,0.0,1,0.0,1,0.0,1,0.0,1
423,0,0.0,1,0.0,1,0.0,1,0.0,1,0.0,1
424,0,0.0,1,0.0,1,0.0,1,0.0,1,0.0,1
425,2,0.0,1,0.0,1,0.0,1,0.0,1,0.0,1
426,13,0.0,1,0.0,1,277777.78,2,0.0,1,0.0,1
427,26,9578313.25,5,0.0,1,331553.4,4,2300.0,5,112635.65,3
428,12,1361656.0,2,0.0,1,42000.0,2,0.0,1,6746987.95,2
429,2,0.0,1,597000.0,2,0.0,1,0.0,1,0.0,1
430,7,2550000.0,2,0.0,1,185185.19,3,0.0,1,120370.37,3
431,2,0.0,1,0.0,1,0.0,1,0.0,1,0.0,1
432,0,0.0,1,0.0,1,0.0,1,0.0,1,0.0,1
433,0,0.0,1,0.0,1,0.0,1,0.0,1,0.0,1
435,0,0.0,1,0.0,1,0.0,1,0.0,1,0.0,1
437,1,0.0,1,0.0,1,15600.0,3,0.0,1,2000.0,3
439,0,0.0,1,0.0,1,0.0,1,0.0,1,0.0,1
440,0,0.0,1,0.0,1,0.0,1,0.0,1,0.0,1
441,0,0.0,1,0.0,1,0.0,1,0.0,1,0.0,1
442,0,0.0,1,0.0,1,0.0,1,0.0,1,0.0,1
443,0,0.0,1,0.0,1,0.0,1,0.0,1,0.0,1
444,2,0.0,1,0.0,1,0.0,1,0.0,1,0.0,1
445,2,0.77,2,0.0,1,0.0,1,0.0,1,0.0,1
446,1,0.0,1,0.0,1,0.0,1,0.0,1,0.0,1
447,6,0.0,1,0.0,1,0.0,1,0.0,1,0.0,1
448,0,0.0,1,0.0,1,0.0,1,0.0,1,0.0,1
449,16,470500.0,4,0.0,1,11761.66,3,30.1,4,391.16,2
450,1,0.0,1,0.0,1,0.0,1,0.0,1,0.0,1
451,2,0.0,1,0.0,1,0.0,1,0.0,1,894948.0,2
452,0,0.0,1,0.0,1,0.0,1,0.0,1,0.0,1
453,0,0.0,1,0.0,1,0.0,1,0.0,1,0.0,1
454,0,0.0,1,0.0,1,0.0,1,0.0,1,0.0,1
455,1,0.0,1,0.0,1,0.0,1,0.0,1,0.0,1
456,0,0.0,1,0.0,1,0.0,1,0.0,1,0.0,1
457,0,0.0,1,0.0,1,0.0,1,0.0,1,0.0,1
458,0,0.0,1,0.0,1,0.0,1,0.0,1,0.0,1
459,1,0.0,1,0.0,1,0.0,1,0.0,1,0.0,1
460,0,0.0,1,0.0,1,0.0,1,0.0,1,0.0,1
461,0,0.0,1,0.0,1,0.0,1,0.0,1,0.0,1
462,0,0.0,1,0.0,1,0.0,1,0.0,1,0.0,1
463,0,0.0,1,0.0,1,0.0,1,0.0,1,0.0,1
464,7,637000.0,5,0.0,1,60000.0,5,52.3,5,6522.08,4
466,0,0.0,1,0.0,1,0.0,1,0.0,1,0.0,1
468,0,0.0,1,0.0,1,0.0,1,0.0,1,0.0,1
469,1,0.0,1,0.0,1,0.0,1,0.0,1,0.0,1
470,0,0.0,1,0.0,1,0.0,1,0.0,1,0.0,1
471,0,0.0,1,0.0,1,0.0,1,0.0,1,0.0,1
472,0,0.0,1,0.0,1,0.0,1,0.0,1,0.0,1
473,0,0.0,1,0.0,1,0.0,1,0.0,1,0.0,1
474,0,0.0,1,0.0,1,0.0,1,0.0,1,0.0,1
475,0,0.0,1,0.0,1,0.0,1,0.0,1,0.0,1
476,1,0.0,1,0.0,1,0.0,1,0.0,1,0.0,1
478,0,0.0,1,0.0,1,0.0,1,0.0,1,0.0,1
479,0,0.0,1,0.0,1,0.0,1,0.0,1,0.0,1
480,0,0.0,1,0.0,1,0.0,1,0.0,1,0.0,1
481,4,183720358.64,4,0.0,1,0.0,1,17.0,4,360238.1,4
482,9,79.75,4,0.0,1,604477.56,4,0.0,1,706698.59,3
483,7,510494.39,4,0.0,1,79086.3,4,165.0,4,235331.39,4
484,1,0.0,1,0.0,1,0.0,1,0.0,1,0.0,1
485,2,0.0,1,0.0,1,0.0,1,0.0,1,0.0,1
486,1,7600000.0,4,0.0,1,327303.7,4,6787.0,4,0.0,1
487,1,3000.0,2,0.0,1,0.0,1,0.0,1,0.0,1
488,47,15195136.62,4,0.0,1,591848.7,4,4474.23,4,401327.56,3
489,2,1000000.0,4,0.0,1,0.0,1,1525.0,4,175000.0,3
490,1,0.0,1,0.0,1,0.0,1,0.0,1,0.0,1
491,0,0.0,1,0.0,1,0.0,1,0.0,1,0.0,1
492,0,0.0,1,0.0,1,0.0,1,0.0,1,0.0,1
494,0,0.0,1,0.0,1,0.0,1,0.0,1,0.0,1
495,1,216192285.08,3,0.0,1,0.0,1,0.0,1,12244897.96,3
496,0,0.0,1,0.0,1,0.0,1,0.0,1,0.0,1
497,1,35040.0,4,0.0,1,1784.0,4,0.0,1,55.34,4
500,28,1757610.8,4,0.0,1,66911.36,4,184028.0,5,74956.41,4
502,6,220000.0,4,0.0,1,23310.02,4,118.0,4,309523.81,2
503,14,46586.21,5,1000.0,4,4519.12,4,36.14,5,6657.27,4
504,4,460493.14,2,0.0,1,38047.81,2,0.0,1,0.0,1
505,0,0.0,1,0.0,1,0.0,1,0.0,1,0.0,1
506,0,0.0,1,0.0,1,0.0,1,0.0,1,0.0,1
507,1,0.0,1,0.0,1,0.0,1,0.0,1,0.0,1
508,2,0.0,1,0.0,1,105000.0,2,0.0,1,0.0,1
509,0,0.0,1,0.0,1,0.0,1,0.0,1,0.0,1
510,1,0.0,1,0.0,1,0.0,1,0.0,1,0.0,1
511,0,0.0,1,0.0,1,0.0,1,0.0,1,0.0,1
512,1,0.0,1,0.0,1,0.0,1,0.0,1,0.0,1
513,1,873000.0,4,0.0,1,46380.0,4,134.0,4,0.0,1
514,0,0.0,1,0.0,1,0.0,1,0.0,1,0.0,1
515,1,0.0,1,0.0,1,0.0,1,0.0,1,0.0,1
516,0,0.0,1,0.0,1,0.0,1,0.0,1,0.0,1
518,0,0.0,1,0.0,1,0.0,1,0.0,1,0.0,1
529,0,0.0,1,0.0,1,0.0,1,0.0,1,0.0,1
530,0,0.0,1,0.0,1,0.0,1,0.0,1,0.0,1
531,12,484733.94,4,0.0,1,9826.92,4,0.0,1,664.08,4
534,0,0.0,1,0.0,1,0.0,1,0.0,1,0.0,1
535,0,0.0,1,0.0,1,0.0,1,0.0,1,0.0,1
539,12,35667.7,5,0.0,1,3548.1,4,6.0,5,34471.4,4
543,13,0.0,1,0.0,1,945.61,3,0.0,1,1748.46,3
544,6,0.0,1,0.0,1,0.0,1,0.0,1,9484.26,2
545,0,0.0,1,0.0,1,0.0,1,0.0,1,0.0,1
546,0,0.0,1,0.0,1,0.0,1,0.0,1,0.0,1
547,3,0.0,1,0.0,1,0.0,1,1803.33,3,1235333.33,3
548,0,0.0,1,0.0,1,0.0,1,0.0,1,0.0,1
550,0,0.0,1,0.0,1,0.0,1,0.0,1,0.0,1
551,2,1326013.39,5,0.0,1,72000.0,5,2762.0,5,724000.0,5
552,3,0.0,1,0.0,1,0.0,1,0.0,1,16700.0,2
553,135,2418509.76,4,18.0,3,363819.21,4,4970.36,4,1500287.5,3
554,0,0.0,1,0.0,1,0.0,1,0.0,1,0.0,1
556,0,0.0,1,0.0,1,0.0,1,0.0,1,0.0,1
557,2,6700.0,4,0.0,1,400.0,4,0.0,1,1600.0,4
558,1,0.0,1,0.0,1,0.0,1,0.0,1,0.0,1
561,0,0.0,1,0.0,1,0.0,1,0.0,1,0.0,1
562,0,0.0,1,0.0,1,0.0,1,0.0,1,0.0,1
567,2,45000.0,3,0.0,1,0.0,1,0.0,1,40000.0,3
568,0,0.0,1,0.0,1,0.0,1,0.0,1,0.0,1
569,4,0.0,1,0.0,1,0.0,1,0.0,1,0.0,1
570,1,0.0,1,0.0,1,0.0,1,0.0,1,3560765.0,2
572,3,0.0,1,0.0,1,0.0,1,0.0,1,70000.0,2
573,8,488698.54,4,0.0,1,6242.39,3,186.0,4,105682.99,4
575,0,0.0,1,0.0,1,0.0,1,0.0,1,0.0,1
578,21,707690.65,4,0.0,1,28270.43,4,172.48,5,206201.37,4
582,12,23826.32,4,0.0,1,4000.0,4,12.15,4,46282.37,3
583,0,0.0,1,0.0,1,0.0,1,0.0,1,0.0,1
585,0,0.0,1,0.0,1,0.0,1,0.0,1,0.0,1
586,7,240529.0,4,0.0,1,9895.78,4,0.0,1,5951.81,4
697,1,347304.0,4,0.0,1,8947.22,4,0.0,1,55416.67,4
698,0,0.0,1,0.0,1,0.0,1,0.0,1,0.0,1
701,35,886767.21,3,0.0,1,82673.69,3,678.75,4,648.15,3
705,3,0.0,1,888000.0,3,82222.22,3,0.0,1,0.0,1
706,0,0.0,1,0.0,1,0.0,1,0.0,1,0.0,1
707,2,0.0,1,0.0,1,6750.0,2,0.0,1,0.0,1
708,9,179810.92,5,0.0,1,187856.54,4,587.35,5,37392.78,4
709,0,0.0,1,0.0,1,0.0,1,0.0,1,0.0,1
710,0,0.0,1,0.0,1,0.0,1,0.0,1,0.0,1
711,6,2391304.35,4,0.0,1,68703.7,4,147.0,5,146825.4,4
712,2,0.0,1,0.0,1,255244.76,3,0.0,1,644522.14,2
713,6,0.0,1,0.0,1,0.0,1,0.0,1,187629.35,2
714,4,14333.33,3,0.0,1,775.0,4,1.5,4,0.0,1
715,3,1800.0,2,0.0,1,0.0,1,0.0,1,0.0,1
716,1,0.0,1,0.0,1,0.0,1,0.0,1,0.0,1
717,2,0.0,1,0.0,1,5705.59,2,0.0,1,1106.81,3
718,0,0.0,1,0.0,1,0.0,1,0.0,1,0.0,1
719,88,2766398.84,4,240.0,3,64480.4,4,373.64,5,93749.25,4
720,3,2100000.0,5,0.0,1,7575.76,5,417.0,5,135704.87,4
721,1,0.0,1,0.0,1,0.0,1,0.0,1,0.0,1
722,1,112000.0,2,0.0,1,0.0,1,0.0,1,0.0,1
723,0,0.0,1,0.0,1,0.0,1,0.0,1,0.0,1
724,8,183533.33,3,0.0,1,1200.0,4,0.0,1,5568.52,3
725,2,0.0,1,0.0,1,0.0,1,0.0,1,0.0,1
726,6,100000.0,2,0.0,1,40580.39,2,0.0,1,1065000.0,2
727,0,0.0,1,0.0,1,0.0,1,0.0,1,0.0,1
728,0,0.0,1,0.0,1,0.0,1,0.0,1,0.0,1
729,4,51450.0,2,0.0,1,13630.0,2,0.0,1,0.0,1
731,0,0.0,1,0.0,1,0.0,1,0.0,1,0.0,1
732,1,0.0,1,0.0,1,0.0,1,0.0,1,0.0,1
733,0,0.0,1,0.0,1,0.0,1,0.0,1,0.0,1
734,1,0.0,1,0.0,1,0.0,1,0.0,1,0.0,1
736,1,0.0,1,0.0,1,0.0,1,0.0,1,0.0,1
737,0,0.0,1,0.0,1,0.0,1,0.0,1,0.0,1
738,1,1543.0,4,0.0,1,1220.0,4,0.0,1,4500.0,4
739,0,0.0,1,0.0,1,0.0,1,0.0,1,0.0,1
742,0,0.0,1,0.0,1,0.0,1,0.0,1,0.0,1
743,0,0.0,1,0.0,1,0.0,1,0.0,1,0.0,1
744,2,0.0,1,0.0,1,0.0,1,0.0,1,12108.43,2
745,1,0.0,1,0.0,1,0.0,1,0.0,1,0.0,1
746,0,0.0,1,0.0,1,0.0,1,0.0,1,0.0,1
748,0,0.0,1,0.0,1,0.0,1,0.0,1,0.0,1
749,0,0.0,1,0.0,1,0.0,1,0.0,1,0.0,1
750,2,0.0,1,0.0,1,9666.67,3,0.0,1,78.7,3
752,0,0.0,1,0.0,1,0.0,1,0.0,1,0.0,1
753,0,0.0,1,0.0,1,0.0,1,0.0,1,0.0,1
754,0,0.0,1,0.0,1,0.0,1,0.0,1,0.0,1
755,0,0.0,1,0.0,1,0.0,1,0.0,1,0.0,1
756,0,0.0,1,0.0,1,0.0,1,0.0,1,0.0,1
757,0,0.0,1,0.0,1,0.0,1,0.0,1,0.0,1
758,0,0.0,1,0.0,1,0.0,1,0.0,1,0.0,1
759,1,0.0,1,0.0,1,0.0,1,0.0,1,0.0,1
760,1,0.0,1,0.0,1,0.0,1,0.0,1,0.0,1
761,2,0.0,1,0.0,1,0.0,1,0.0,1,0.0,1
763,0,0.0,1,0.0,1,0.0,1,0.0,1,0.0,1
765,2,0.0,1,0.0,1,0.0,1,0.0,1,0.0,1
766,1,0.0,1,0.0,1,0.0,1,0.0,1,166.67,2
767,0,0.0,1,0.0,1,0.0,1,0.0,1,0.0,1
768,16,196839.31,4,12047.82,5,1392076.14,4,4945.41,5,52016.73,5
769,1,0.0,1,0.0,1,1186.5,3,10.0,3,0.0,1
770,4,0.0,1,0.0,1,12195.0,2,0.0,1,5372.49,2
771,3,111000000.0,3,2271.0,4,140946.3,4,26000.0,3,759567.59,4
772,2,637000.0,5,0.0,1,60000.0,5,52.3,5,300000.0,5
773,3,1200.0,5,0.0,1,43382.61,4,247.2,5,5500.0,5
774,1,89107.0,3,0.0,1,5368.07,3,0.0,1,0.0,1
776,11,539577.46,4,0.0,1,34498.02,4,148.82,4,95772.4,3
777,32,1340253.88,4,3.3,4,221397.25,3,327.33,4,236434.27,4
778,11,2022227.13,3,0.0,1,304629.63,4,24.0,3,333742.39,4
779,12,0.0,1,0.0,1,149546.3,2,0.0,1,18771.61,2
780,68,12780590.28,4,17528.32,4,341391.87,4,6456.78,4,2825578.93,4
781,9,0.0,1,0.0,1,0.0,1,98570.67,2,0.0,1
782,2,0.0,1,0.0,1,151000.0,4,47444.73,4,461000.0,4
783,5,568129.55,4,0.0,1,0.0,1,3538.74,4,163044.56,4
784,35,30377576.35,4,0.0,1,88852.23,3,9100.63,3,1677791.05,3
785,1,0.0,1,0.0,1,0.0,1,2182209.82,2,0.0,1
786,3,2.94,4,0.0,1,284221.17,4,390454.0,2,336399.37,4
787,1,0.0,1,0.0,1,0.0,1,310160.0,3,3500000.0,3
789,3,3007000.0,4,0.0,1,139666.67,4,3225.0,4,12962.96,4
790,15,383193.02,4,0.0,1,25071.17,4,2.49,5,57122.77,4
791,5,500000.0,4,0.0,1,664403.29,3,0.0,1,13238.2,3
793,0,0.0,1,0.0,1,0.0,1,0.0,1,0.0,1
794,2,0.0,1,0.0,1,0.0,1,0.0,1,0.0,1
796,0,0.0,1,0.0,1,0.0,1,0.0,1,0.0,1
797,1,0.0,1,0.0,1,447.22,2,0.0,1,0.0,1
798,2,32429981.66,4,0.0,1,6217.59,3,5392.25,4,1322.04,4
799,8,41.28,3,0.0,1,250877.87,3,12090.64,4,75102.63,4
800,2,0.0,1,0.0,1,0.0,1,0.0,1,18511224.49,2
801,1,0.0,1,0.0,1,0.0,1,0.0,1,4000000.0,2
802,1,0.0,1,0.0,1,0.0,1,0.0,1,0.0,1
803,6,0.0,1,0.0,1,17692.31,2,0.0,1,0.0,1
804,44,8562927.89,4,0.0,1,388822.47,4,2267.08,4,1272620.09,3
805,1,0.0,1,0.0,1,0.0,1,0.0,1,0.0,1
806,1,0.0,1,0.0,1,0.0,1,0.0,1,0.0,1
807,2,0.0,1,0.0,1,0.0,1,0.0,1,0.0,1
808,11,0.0,1,0.0,1,0.0,1,0.0,1,100.0,2
810,0,0.0,1,0.0,1,0.0,1,0.0,1,0.0,1
812,0,0.0,1,0.0,1,0.0,1,0.0,1,0.0,1
813,0,0.0,1,0.0,1,0.0,1,0.0,1,0.0,1
814,0,0.0,1,0.0,1,0.0,1,0.0,1,0.0,1
817,1,0.0,1,0.0,1,0.0,1,0.0,1,0.0,1
818,0,0.0,1,0.0,1,0.0,1,0.0,1,0.0,1
820,0,0.0,1,0.0,1,0.0,1,0.0,1,0.0,1
821,0,0.0,1,0.0,1,0.0,1,0.0,1,0.0,1
823,1,0.0,1,0.0,1,0.0,1,0.0,1,0.0,1
824,1,0.0,1,0.0,1,0.0,1,0.0,1,0.0,1
826,2,0.0,1,0.0,1,36524.63,2,0.0,1,172767.56,4
827,0,0.0,1,0.0,1,0.0,1,0.0,1,0.0,1
828,0,0.0,1,0.0,1,0.0,1,0.0,1,0.0,1
829,0,0.0,1,0.0,1,0.0,1,0.0,1,0.0,1
831,1,3000.0,5,0.0,1,300.0,5,0.25,5,3180.0,5
832,3,33394.82,5,0.0,1,5903.41,4,23.0,5,26645.73,4
833,0,0.0,1,0.0,1,0.0,1,0.0,1,0.0,1
834,0,0.0,1,0.0,1,0.0,1,0.0,1,0.0,1
835,0,0.0,1,0.0,1,0.0,1,0.0,1,0.0,1
836,4,26060856.63,4,0.0,1,0.0,1,137.0,4,63914.0,4
839,34,440086.58,4,0.0,1,36210.0,4,339.06,5,29676.94,5
840,0,0.0,1,0.0,1,0.0,1,0.0,1,0.0,1
844,2,0.0,1,0.0,1,0.0,1,0.0,1,0.0,1
845,0,0.0,1,0.0,1,0.0,1,0.0,1,0.0,1
846,1,0.0,1,0.0,1,0.0,1,0.0,1,0.0,1
847,14,912658.21,3,0.0,1,25748.62,4,0.0,1,167483.83,4
849,2,233279.0,4,0.0,1,14053.01,4,0.0,1,3012.05,4
850,40,6186083.69,2,0.0,1,12695.63,4,0.0,1,32236.77,4
851,6,72594.07,3,0.0,1,27583.33,4,0.0,1,67580.56,4
852,31,3988496.57,4,0.0,1,331906.67,4,11524.69,4,295737.57,4
853,1,0.0,1,0.0,1,0.0,1,0.0,1,0.0,1
854,1,0.0,1,0.0,1,0.0,1,0.0,1,0.0,1
855,18,201277.95,3,0.0,1,34143.51,3,179.33,3,615.0,4
856,1,10098.0,3,0.0,1,760.0,3,0.0,1,0.0,1
857,11,159698.15,5,0.0,1,50795.95,5,229.49,5,180158.38,5
858,2,0.0,1,0.0,1,0.0,1,0.0,1,19000.0,2
859,14,31989.07,3,0.0,1,11108.33,3,700.0,3,32127.27,3
861,1,0.0,1,0.0,1,0.0,1,0.0,1,0.0,1
863,6,500000.0,3,0.0,1,0.0,1,0.0,1,2000000.0,3
864,3,1000.0,2,20.0,2,0.0,1,0.0,1,0.0,1
865,1,0.0,1,0.0,1,0.0,1,0.0,1,0.0,1
866,3,0.0,1,0.0,1,180722.89,2,0.0,1,360240.96,2
867,6,232588.68,4,0.0,1,29715.22,3,0.0,1,764821.06,3
868,1,0.0,1,6240.0,3,0.0,1,0.0,1,27108.43,3
869,11,19036.33,4,810.0,4,64186.02,4,39.0,4,82303.22,4
870,3,0.0,1,0.0,1,299944.66,3,23.0,3,230831.46,3
871,2,0.0,1,0.0,1,0.0,1,0.0,1,15000.0,2
872,2,0.0,1,0.0,1,0.0,1,0.0,1,0.0,1
873,3,157.0,4,0.0,1,30000.0,4,0.0,1,27780.0,3
874,3,0.0,1,0.0,1,0.0,1,0.0,1,8338961.0,2
875,4,0.0,1,0.0,1,0.0,1,0.0,1,0.0,1
876,2,48000.0,4,0.0,1,3200.0,4,26.0,4,0.0,1
877,1,0.0,1,150.0,5,59444.44,5,416.0,5,52888.89,5
878,6,0.0,1,150.0,4,19254.19,3,1395.62,4,4.76,2
879,2,12511.12,4,0.0,1,35257.11,4,0.0,1,2699.72,4
881,2,49688.89,4,0.0,1,2638338.62,4,42943.0,5,9259.26,5
882,2,121.32,4,0.0,1,712962.96,4,0.0,1,462962.96,4
883,1,0.0,1,0.0,1,0.0,1,0.0,1,0.0,1
884,5,7400000.0,4,19800.0,5,149968.83,4,147.69,5,396521.75,4
885,1,150000.0,4,0.0,1,138888.89,4,115.0,4,0.0,1
886,1,600000.0,4,0.0,1,32407.41,4,470.0,4,0.0,1
887,5,272680.87,4,0.0,1,60537.04,4,0.19,5,37579.22,4
888,5,9776495.0,5,0.0,1,309341.23,4,8211.87,4,22809.8,5
889,11,113604.96,4,0.0,1,119211.23,4,199.63,5,26192.63,4
890,6,863990.29,4,0.0,1,47128.75,3,667.37,5,582.75,5
891,3,5235260.38,4,0.0,1,119645.62,4,66.0,4,324520.37,4
892,6,796000.0,4,0.0,1,22907.18,2,710.0,4,0.0,1
893,2,900000.0,5,48000.0,3,60000.0,5,1000.0,5,30000.0,4
894,1,0.0,1,0.0,1,0.0,1,0.0,1,0.0,1
896,1,0.0,1,0.0,1,0.0,1,0.0,1,0.0,1
897,3,0.0,1,0.0,1,0.0,1,0.0,1,88333.33,2
898,1,0.0,1,0.0,1,0.0,1,0.0,1,0.0,1
899,2,0.0,1,0.0,1,0.0,1,0.0,1,0.0,1
900,3,0.0,1,0.0,1,2625000.0,2,380.0,3,662052.38,3
901,5,0.0,1,0.0,1,0.0,1,0.0,1,338220.0,2
902,1,109500.0,4,0.0,1,6596.39,4,0.0,1,4518.07,4
903,4,19915.36,4,0.0,1,77799.35,3,0.0,1,5081.44,4
904,1,194807.0,4,0.0,1,9716.87,4,0.0,1,1506.02,4
905,2,58333.0,4,0.0,1,2909.64,4,0.0,1,9706.02,4
906,3,57600.0,4,0.0,1,3122.89,4,0.0,1,722.89,4
907,1,182400.0,4,0.0,1,9889.16,4,0.0,1,1927.71,4
909,2,105120.0,4,0.0,1,5243.37,4,0.0,1,40963.86,4
910,3,116439.0,4,0.0,1,9668.67,4,0.0,1,6447.61,4
912,1,26280.0,4,0.0,1,3471.08,4,0.0,1,216.87,4
913,5,78000000000.0,3,0.0,1,1111111.11,3,43272.73,2,11315789.9,2
914,46,135370.18,3,0.0,1,12710.73,4,454.0,3,193130.84,3
915,3,0.0,1,0.0,1,0.0,1,0.0,1,0.0,1
916,1,7500000.0,3,0.0,1,0.0,1,0.0,1,425000.0,3
917,1,2678000.0,4,0.0,1,73148.15,4,0.0,1,108333.33,4
918,4,1049714.29,3,0.0,1,1462745.12,4,0.0,1,1076016.96,4
919,2,0.0,1,0.0,1,0.0,1,0.0,1,0.0,1
920,2,0.0,1,0.0,1,147322.73,2,0.0,1,380500.0,3
921,2,0.0,1,0.0,1,0.0,1,0.0,1,0.0,1
922,3,0.0,1,0.0,1,0.0,1,0.0,1,0.0,1
923,0,0.0,1,0.0,1,0.0,1,0.0,1,0.0,1
924,0,0.0,1,0.0,1,0.0,1,0.0,1,0.0,1
925,2,0.0,1,240.0,3,0.0,1,0.0,1,77000.0,2
926,2,168200.0,4,0.0,1,5694.44,4,0.0,1,370.37,4
928,3,0.0,1,0.0,1,1614.92,2,0.0,1,32454.0,3
929,10,117876.48,3,0.0,1,7813.29,3,0.0,1,0.0,4
930,1,11500000.0,4,0.0,1,145200.0,4,0.0,1,800000.0,4
931,1,6600000.0,5,0.0,1,152918.0,5,1165.0,5,751599.0,5
932,18,46859.53,3,0.0,1,4716.2,3,3.0,4,0.0,1
933,1,0.0,1,0.0,1,0.0,1,0.0,1,0.0,1
935,3,19100000.0,5,0.0,1,709259.26,5,22838.5,5,2178639.1,4
936,10,6155628.38,5,100.92,5,863997.23,4,2722.83,4,3653981.33,4
937,12,662650.79,5,200000.0,4,44624.4,3,144.66,4,84899.36,4
938,0,0.0,1,0.0,1,0.0,1,0.0,1,0.0,1
940,0,0.0,1,0.0,1,0.0,1,0.0,1,0.0,1
941,1,0.0,1,0.0,1,22000.0,2,0.0,1,0.0,1
942,0,0.0,1,0.0,1,0.0,1,0.0,1,0.0,1
943,4,20.85,3,0.0,1,120370.37,3,0.0,1,59000.0,2
944,1,0.0,1,0.0,1,0.0,1,0.0,1,0.0,1
945,0,0.0,1,0.0,1,0.0,1,0.0,1,0.0,1
946,6,0.0,1,0.0,1,11000.0,3,12.0,3,0.0,1
947,0,0.0,1,0.0,1,0.0,1,0.0,1,0.0,1
948,0,0.0,1,0.0,1,0.0,1,0.0,1,0.0,1
949,2,0.14,3,0.0,1,3574.07,3,0.0,1,0.0,1
950,13,0.0,1,0.0,1,0.0,1,0.0,1,11000.0,2
951,0,0.0,1,0.0,1,0.0,1,0.0,1,0.0,1
954,1,0.0,1,0.0,1,0.0,1,0.0,1,0.0,1
955,7,0.0,1,9.0,4,0.0,1,1440.85,4,296057.03,3
956,1,0.0,1,0.0,1,2331002.33,4,12000.0,4,1165501.17,4
958,2,862000.0,4,0.0,1,39814.81,4,0.0,1,9259.26,4
959,1,0.0,1,0.0,1,0.0,1,0.0,1,0.0,1
960,0,0.0,1,0.0,1,0.0,1,0.0,1,0.0,1
961,0,0.0,1,0.0,1,0.0,1,0.0,1,0.0,1
962,5,0.0,1,0.0,1,410971.35,4,3514.0,4,894598.45,3
963,0,0.0,1,0.0,1,0.0,1,0.0,1,0.0,1
965,2,105600.0,5,0.0,1,180769.73,4,94.0,5,3401.85,5
966,1,8475.0,4,0.0,1,0.0,1,2.54,4,2000.0,4
967,2,0.0,1,0.0,1,40816.33,2,0.0,1,0.0,1
968,0,0.0,1,0.0,1,0.0,1,0.0,1,0.0,1
969,3,0.0,1,0.0,1,0.0,1,0.0,1,0.0,1
970,13,0.0,1,0.0,1,0.0,1,0.0,1,0.0,1
971,0,0.0,1,0.0,1,0.0,1,0.0,1,0.0,1
974,8,301463.89,5,0.0,1,1091920.53,5,3271.08,5,175865.08,5
975,0,0.0,1,0.0,1,0.0,1,0.0,1,0.0,1
976,0,0.0,1,0.0,1,0.0,1,0.0,1,0.0,1
977,1,0.0,1,0.0,1,0.0,1,0.0,1,0.0,1
978,0,0.0,1,0.0,1,0.0,1,0.0,1,0.0,1
979,0,0.0,1,0.0,1,0.0,1,0.0,1,0.0,1
980,0,0.0,1,0.0,1,0.0,1,0.0,1,0.0,1
981,3,0.0,1,0.0,1,0.0,1,0.0,1,0.0,1
983,0,0.0,1,0.0,1,0.0,1,0.0,1,0.0,1
984,0,0.0,1,0.0,1,0.0,1,0.0,1,0.0,1
985,3,0.0,1,107.21,4,609796.0,4,103.0,3,76225.0,4
986,6,0.0,1,0.0,1,16018.52,3,0.0,1,286887.96,3
987,0,0.0,1,0.0,1,0.0,1,0.0,1,0.0,1
989,10,0.0,1,3500.0,2,0.0,1,0.0,1,0.0,1
990,1,-3641695.8,4,0.0,1,0.0,1,14452.0,4,1689.95,4
991,1,0.0,1,0.0,1,0.0,1,0.0,1,0.0,1
992,0,0.0,1,0.0,1,0.0,1,0.0,1,0.0,1
993,1,0.0,1,0.0,1,0.0,1,0.0,1,0.0,1
994,0,0.0,1,0.0,1,0.0,1,0.0,1,0.0,1
995,0,0.0,1,0.0,1,0.0,1,0.0,1,0.0,1
996,0,0.0,1,0.0,1,0.0,1,0.0,1,0.0,1
997,3,0.0,1,0.0,1,222.22,2,0.0,1,0.0,1
998,1,0.0,1,0.0,1,0.0,1,0.0,1,0.0,1
1000,7,5089030.63,3,0.0,1,1986.92,3,0.0,1,1712.96,4
1001,6,1445764.74,4,0.0,1,52022.28,5,1718.75,5,19869.12,5
1002,5,5000000.0,4,0.0,1,231481.48,4,0.0,1,694444.44,4
1003,14,2602335.56,4,0.0,1,6993.01,4,3050.43,4,526618.19,3
1004,1,331000.0,5,0.0,1,4761.07,5,16.2,5,11655.01,5
1005,2,2670000.0,5,0.0,1,81400.0,5,175.7,4,50000.0,5
1006,2,0.0,1,0.0,1,0.0,1,0.0,1,0.0,1
1007,7,1822189299.62,3,0.0,1,0.0,1,0.0,1,1982142.18,2
1008,1,0.0,1,0.0,1,5000.0,2,0.0,1,0.0,1
1009,1,0.0,1,0.0,1,0.0,1,0.0,1,0.0,1
1010,2,800000.0,4,0.0,1,11068.37,4,0.0,1,60979.0,4
1011,8,1304444.44,3,0.0,1,66620.0,4,0.0,1,45735.0,4
1012,1,0.0,1,0.0,1,0.0,1,0.0,1,0.0,1
1013,1,0.0,1,0.0,1,0.0,1,0.0,1,0.0,1
1014,2,275340.0,4,0.0,1,30388.89,4,0.0,1,26666.67,4
1016,1,0.0,1,0.0,1,0.0,1,0.0,1,31185.0,2
1017,7,10395276.45,4,3224.13,4,87456.48,4,3742.99,4,761426.81,5
1018,1,11880.0,5,0.0,1,1450.93,5,11.0,5,611.11,5
1019,5,0.0,1,0.0,1,601484.98,2,1630.0,2,58707149.01,4
1020,7,1046127121.56,4,0.0,1,1284992.38,3,0.0,1,1388808.14,4
1021,1,0.0,1,0.0,1,12000.0,3,0.0,1,335185.19,3
1022,10,14827896.4,4,38.0,5,40506.24,4,2867.22,5,673049.19,3
1023,2,0.0,1,0.0,1,0.0,1,1656.0,2,0.0,1
1024,1,540000.0,4,0.0,1,15000.0,4,0.0,1,22500.0,4
1025,4,2949670.8,5,0.0,1,74781.92,5,260.0,5,193463.93,5
1026,8,0.0,1,0.0,1,189488.89,3,0.0,1,39571.11,3
1027,1,259.69,3,0.0,1,1759259.26,3,0.0,1,0.0,1
1028,2,806.56,3,0.0,1,5555555.56,3,0.0,1,0.0,1
1029,1,0.0,1,0.0,1,21605.56,4,1400.0,4,23148.15,4
1030,2,0.0,1,0.0,1,0.0,1,0.0,1,378117.59,2
1031,4,0.0,1,98.4,5,147415.68,5,123897.94,5,81102.19,5
1032,2,0.0,1,0.0,1,15241.39,3,0.0,1,612064.19,3
1033,4,62545.02,3,0.0,1,222881.3,3,200.0,4,1200000.0,4
1034,6,46.88,4,0.0,1,204848.01,4,0.0,1,215740.74,4
1035,9,63.5,3,0.0,1,256025.13,3,0.0,1,44629.63,3
1036,1,130.79,3,0.0,1,1018518.52,3,0.0,1,0.0,1
1037,1,106.15,3,0.0,1,826851.85,3,0.0,1,0.0,1
1039,1,0.0,1,0.0,1,0.0,1,0.0,1,0.0,1
1041,2,0.0,1,0.0,1,0.0,1,0.0,1,0.0,1
1042,0,0.0,1,0.0,1,0.0,1,0.0,1,0.0,1
1043,9,17.55,3,4920.0,4,705068.75,3,3700.0,4,1146363.23,4
1044,1,109500.0,3,0.0,1,11111.11,3,0.0,1,0.0,1
1045,1,272800.0,4,0.0,1,27777.78,4,0.0,1,9259.26,4
1046,1,887300.0,4,0.0,1,90740.74,4,0.0,1,197222.22,4
1047,2,630795.68,4,0.0,1,51345.09,4,0.0,1,122115.74,4
1048,5,746000.0,4,0.0,1,42073.01,3,0.0,1,472222.22,4
1049,1,75000.0,4,0.0,1,8333.33,4,0.0,1,5555.56,4
1050,3,47083.4,4,0.0,1,4927.39,4,6.91,4,0.0,1
1051,1,150000.0,3,0.0,1,15740.74,3,0.0,1,0.0,1
1052,3,210171.7,4,0.0,1,15067.34,3,0.0,1,4629.63,4
1053,1,254700.0,4,0.0,1,27777.78,4,0.0,1,74074.07,4
1054,5,103.82,4,0.0,1,444270.85,3,0.0,1,1154258.56,4
1055,107,2807624.19,4,1469.07,3,1092227.81,4,14386.41,4,1168714.98,4
1056,24,86075.14,4,0.0,1,33156.1,3,7.55,4,30615.97,4
1057,4,0.0,1,0.0,1,309424.49,3,0.0,1,302666.67,3
1058,17,576000.0,4,0.0,1,332336.97,3,0.0,1,236246.14,4
1060,1,0.0,1,0.0,1,0.0,1,0.0,1,2000.0,2
1061,25,198011.19,4,0.0,1,50488.63,3,33.0,5,44481.74,4
1062,2,1613000.0,4,0.0,1,92000.0,4,37.1,4,105000.0,2
1064,5,2634187.74,4,1550.0,5,173230.63,4,2957.25,5,164824.33,4
1065,5,1457935.0,3,0.0,1,5090.05,3,0.0,1,814488.68,3
1067,3,0.0,1,0.0,1,0.0,1,0.0,1,1750.0,2
1068,1,5600.0,3,0.0,1,300.0,3,0.0,1,0.0,1
1070,0,0.0,1,0.0,1,0.0,1,0.0,1,0.0,1
1071,3,0.68,3,0.0,1,25168.52,3,0.0,1,12000000.0,2
1072,1,0.0,1,0.0,1,0.0,3,0.0,1,0.0,3
1073,4,36000.0,4,0.0,1,5666.0,4,21.0,3,10846.96,4
1074,1,25000.0,4,0.0,1,2529.0,4,0.0,1,43000.0,4
1075,1,0.0,1,0.0,1,0.0,1,0.0,1,0.0,1
1076,1,0.0,1,0.0,1,427.68,3,0.0,1,213.84,3
1077,14,0.0,1,0.0,1,0.0,1,0.0,1,0.0,1
1078,3,0.0,1,0.0,1,0.0,1,0.0,1,0.0,1
1080,2,0.0,1,0.0,1,11655.01,3,0.0,1,48951.05,3
1081,4,0.0,1,0.0,1,0.0,1,0.0,1,0.0,1
1082,14,0.0,1,0.0,1,0.0,1,0.0,1,176779.82,2
1083,15,583893.56,4,0.0,1,0.0,1,148.0,4,605911.16,2
1085,6,0.0,1,0.0,1,563943.98,3,0.0,1,1651851.85,3
1087,4,2.08,4,7.2,4,24453.92,4,0.0,1,42366.54,4
1088,2,0.0,1,0.0,1,0.0,1,0.0,1,6.0,2
1090,2,0.0,1,0.0,1,0.0,1,0.0,1,0.0,1
1091,1,0.0,1,0.0,1,7407407.41,3,0.0,1,23148148.15,3
1092,1,4.86,4,0.0,1,185185.19,4,0.0,1,370370.37,4
1093,1,0.0,1,0.0,1,120370.37,3,0.0,1,222222.22,3
1094,1,124.4,4,0.0,1,388888.89,4,0.0,1,925925.93,4
1095,0,0.0,1,0.0,1,0.0,1,0.0,1,0.0,1
1096,1,0.0,1,0.0,1,0.0,1,0.0,1,0.0,1
1097,0,0.0,1,0.0,1,0.0,1,0.0,1,0.0,1
1098,0,0.0,1,0.0,1,0.0,1,0.0,1,0.0,1
1099,6,0.0,1,0.0,1,0.0,1,0.0,1,0.0,1
1100,0,0.0,1,0.0,1,0.0,1,0.0,1,0.0,1
1101,0,0.0,1,0.0,1,0.0,1,0.0,1,0.0,1
1102,0,0.0,1,0.0,1,0.0,1,0.0,1,0.0,1
1103,0,0.0,1,0.0,1,0.0,1,0.0,1,0.0,1
1104,0,0.0,1,0.0,1,0.0,1,0.0,1,0.0,1
1105,1,0.0,1,0.0,1,17592.59,3,0.0,1,70370.37,3
1107,2,0.0,1,0.0,1,0.0,1,0.0,1,0.0,1
1108,3,0.0,1,0.0,1,0.0,1,0.0,1,0.0,1
1109,0,0.0,1,0.0,1,0.0,1,0.0,1,0.0,1
1110,4,0.0,1,0.0,1,1165.0,3,0.0,1,36600.0,3
1111,6,3396298685.09,4,0.0,1,34105.18,3,0.0,1,37037.04,4
1112,0,0.0,1,0.0,1,0.0,1,0.0,1,0.0,1
1113,1,0.0,1,0.0,1,0.0,1,0.0,1,0.0,1
1114,0,0.0,1,0.0,1,0.0,1,0.0,1,0.0,1
1116,1,0.0,1,0.0,1,0.0,1,0.0,1,0.0,1
1117,0,0.0,1,0.0,1,0.0,1,0.0,1,0.0,1
1118,12,90356.0,4,0.0,1,23300.93,4,0.0,1,32917.85,4
1119,0,0.0,1,0.0,1,0.0,1,0.0,1,0.0,1
1120,0,0.0,1,0.0,1,0.0,1,0.0,1,0.0,1
1121,0,0.0,1,0.0,1,0.0,1,0.0,1,0.0,1
1123,0,0.0,1,0.0,1,0.0,1,0.0,1,0.0,1
1124,2,0.0,1,0.0,1,0.0,1,350.0,2,0.0,1
1125,0,0.0,1,0.0,1,0.0,1,0.0,1,0.0,1
1126,0,0.0,1,0.0,1,0.0,1,0.0,1,0.0,1
1128,7,0.0,1,0.0,1,0.0,1,0.0,1,0.0,1
1129,11,312544.18,5,0.0,1,31263.49,3,197.0,5,65329.66,5
1130,5,1000000.0,2,0.0,1,0.0,1,0.0,1,0.0,1
1131,0,0.0,1,0.0,1,0.0,1,0.0,1,0.0,1
1132,0,0.0,1,0.0,1,0.0,1,0.0,1,0.0,1
1133,0,0.0,1,0.0,1,0.0,1,0.0,1,0.0,1
1134,1,68640000.0,4,0.0,1,9259259.26,4,40500.0,4,0.0,1
1135,0,0.0,1,0.0,1,0.0,1,0.0,1,0.0,1
1136,1,0.0,1,0.0,1,0.0,1,0.0,1,0.0,1
1137,0,0.0,1,0.0,1,0.0,1,0.0,1,0.0,1
1138,0,0.0,1,0.0,1,0.0,1,0.0,1,0.0,1
1139,5,397017.06,4,0.0,1,0.0,1,85.75,4,204920.75,4
1140,1,82000.0,3,0.0,1,6373.0,3,0.0,1,0.0,1
1141,2,1640.0,4,0.0,1,67.69,4,0.0,1,30.49,4
1142,0,0.0,1,0.0,1,0.0,1,0.0,1,0.0,1
1143,10,285835.39,4,0.0,1,18916.88,4,63.17,4,53476.22,4
1144,0,0.0,1,0.0,1,0.0,1,0.0,1,0.0,1
1445,7,0.0,1,0.0,1,0.0,1,0.0,1,190.0,2
1446,0,0.0,1,0.0,1,0.0,1,0.0,1,0.0,1
1447,0,0.0,1,0.0,1,0.0,1,0.0,1,0.0,1
1448,0,0.0,1,0.0,1,0.0,1,0.0,1,0.0,1
1449,0,0.0,1,0.0,1,0.0,1,0.0,1,0.0,1
1450,0,0.0,1,0.0,1,0.0,1,0.0,1,0.0,1
1451,0,0.0,1,0.0,1,0.0,1,0.0,1,0.0,1
1452,0,0.0,1,0.0,1,0.0,1,0.0,1,0.0,1
1453,0,0.0,1,0.0,1,0.0,1,0.0,1,0.0,1
1454,0,0.0,1,0.0,1,0.0,1,0.0,1,0.0,1
1455,0,0.0,1,0.0,1,0.0,1,0.0,1,0.0,1
1456,0,0.0,1,0.0,1,0.0,1,0.0,1,0.0,1
1457,0,0.0,1,0.0,1,0.0,1,0.0,1,0.0,1
1458,1,0.0,1,0.0,1,3500.0,2,0.0,1,0.0,1
1459,8,30000.0,3,0.0,1,0.0,1,0.0,1,51525.34,2
1460,5,0.0,1,0.0,1,26777.41,4,144.33,4,223024.47,3
1461,1,0.0,1,0.0,1,0.0,1,0.0,1,23000000.0,2
1462,0,0.0,1,0.0,1,0.0,1,0.0,1,0.0,1
1463,1,0.0,1,0.0,1,0.0,1,0.0,1,0.0,1
1464,9,0.0,1,0.0,1,522590.74,2,0.0,1,0.0,1
1465,2,0.0,1,0.0,1,0.0,1,0.0,1,0.0,1
1466,0,0.0,1,0.0,1,0.0,1,0.0,1,0.0,1
1467,0,0.0,1,0.0,1,0.0,1,0.0,1,0.0,1
1468,5,0.23,4,0.0,1,66936.49,3,0.0,1,78703.7,4
1469,2,0.0,1,0.0,1,63657.41,2,0.0,1,0.0,1
1470,1,884.36,5,0.0,1,52232.41,5,176.4,5,44781.48,5
1471,3,0.0,1,0.0,1,2074.07,2,0.0,1,0.0,1
1472,2,0.0,1,0.0,1,24057.41,3,0.0,1,13888.89,3
1473,1,0.0,1,0.0,1,49611.11,2,0.0,1,0.0,1
1474,3,0.0,1,410.78,3,82359.94,3,0.0,1,1851.85,3
1475,1,0.0,1,0.0,1,19814.81,3,0.0,1,1666.67,3
1476,2,0.0,1,0.0,1,22977.78,3,0.0,1,342.59,3
1477,4,0.0,1,0.0,1,11328.28,2,0.0,1,9259.26,3
1478,7,0.0,1,58903.23,3,21605.24,4,-146.0,5,17499.36,4
1479,14,7578995.94,5,25700.0,2,98445.46,4,1286.49,5,143609.72,4
1480,1,0.0,1,0.0,1,13888.89,3,0.0,1,18518.52,3
1481,24,1129622.56,4,0.0,1,0.0,1,285.04,4,162079.2,4
1482,1,61821883.46,4,0.0,1,0.0,1,16217.0,4,5391157.82,4
1483,2,27317024.09,4,0.0,1,0.0,1,32.5,4,47048.64,4
1484,19,0.0,1,0.0,1,447530.86,2,0.0,1,47088.38,2
1485,1,2.27,4,0.0,1,15555.56,4,0.0,1,3401.36,4
1486,19,196288.33,4,0.0,1,0.0,1,47.71,4,115559.23,4
1487,1,72778.36,4,0.0,1,0.0,1,15.0,4,64625.85,4
1488,2,563337.84,4,0.0,1,0.0,1,107.5,4,97751.7,4
1489,2,242501.94,4,5.0,2,0.0,1,60.0,4,320238.1,4
1490,3,90556.28,4,0.0,1,0.0,1,40.51,4,49959.01,4
1491,1,0.0,1,0.0,1,62962.96,3,0.0,1,231018.52,3
1492,0,0.0,1,0.0,1,0.0,1,0.0,1,0.0,1
1493,0,0.0,1,0.0,1,0.0,1,0.0,1,0.0,1
1494,0,0.0,1,0.0,1,0.0,1,0.0,1,0.0,1
1495,0,0.0,1,0.0,1,0.0,1,0.0,1,0.0,1
1496,0,0.0,1,0.0,1,0.0,1,0.0,1,0.0,1
1497,1,0.0,1,0.0,1,0.0,1,0.0,1,0.0,1
1498,0,0.0,1,0.0,1,0.0,1,0.0,1,0.0,1
1499,0,0.0,1,0.0,1,0.0,1,0.0,1,0.0,1
1500,0,0.0,1,0.0,1,0.0,1,0.0,1,0.0,1
1501,0,0.0,1,0.0,1,0.0,1,0.0,1,0.0,1
1502,0,0.0,1,0.0,1,0.0,1,0.0,1,0.0,1
1503,1,0.0,1,0.0,1,0.0,1,0.0,1,0.0,1
1504,1,0.0,1,0.0,1,0.0,1,0.0,1,0.0,1
1505,4,0.0,1,0.0,1,0.0,1,0.0,1,0.0,1
1506,0,0.0,1,0.0,1,0.0,1,0.0,1,0.0,1
1507,1,0.0,1,6220.8,5,6297.73,5,1370.0,5,3320.42,5
1508,0,0.0,1,0.0,1,0.0,1,0.0,1,0.0,1
1509,0,0.0,1,0.0,1,0.0,1,0.0,1,0.0,1
1510,0,0.0,1,0.0,1,0.0,1,0.0,1,0.0,1
1511,1,0.0,1,0.0,1,22777777.78,2,0.0,1,0.0,1
1513,0,0.0,1,0.0,1,0.0,1,0.0,1,0.0,1
1519,0,0.0,1,0.0,1,0.0,1,0.0,1,0.0,1
1522,0,0.0,1,0.0,1,0.0,1,0.0,1,0.0,1
1523,0,0.0,1,0.0,1,0.0,1,0.0,1,0.0,1
1527,0,0.0,1,0.0,1,0.0,1,0.0,1,0.0,1
1533,4,0.0,1,0.0,1,20740.74,2,0.0,1,190.0,2
1534,0,0.0,1,0.0,1,0.0,1,0.0,1,0.0,1
1535,0,0.0,1,0.0,1,0.0,1,0.0,1,0.0,1
1536,0,0.0,1,0.0,1,0.0,1,0.0,1,0.0,1
1538,0,0.0,1,0.0,1,0.0,1,0.0,1,0.0,1
1543,0,0.0,1,0.0,1,0.0,1,0.0,1,0.0,1
1554,6,0.0,1,0.0,1,0.0,1,0.0,1,0.0,1
1555,1,0.0,1,0.0,1,0.0,1,0.0,1,0.0,1
1556,0,0.0,1,0.0,1,0.0,1,0.0,1,0.0,1
1557,0,0.0,1,0.0,1,0.0,1,0.0,1,0.0,1
1558,3,0.0,1,0.0,1,0.0,1,0.0,1,0.0,1
1559,0,0.0,1,0.0,1,0.0,1,0.0,1,0.0,1
1560,0,0.0,1,0.0,1,0.0,1,0.0,1,0.0,1
1561,0,0.0,1,0.0,1,0.0,1,0.0,1,0.0,1
1568,0,0.0,1,0.0,1,0.0,1,0.0,1,0.0,1
1571,0,0.0,1,0.0,1,0.0,1,0.0,1,0.0,1
1572,0,0.0,1,0.0,1,0.0,1,0.0,1,0.0,1
1573,0,0.0,1,0.0,1,0.0,1,0.0,1,0.0,1
1574,0,0.0,1,0.0,1,0.0,1,0.0,1,0.0,1
1575,0,0.0,1,0.0,1,0.0,1,0.0,1,0.0,1
1576,0,0.0,1,0.0,1,0.0,1,0.0,1,0.0,1
1577,0,0.0,1,0.0,1,0.0,1,0.0,1,0.0,1
1578,0,0.0,1,0.0,1,0.0,1,0.0,1,0.0,1
1579,0,0.0,1,0.0,1,0.0,1,0.0,1,0.0,1
1580,0,0.0,1,0.0,1,0.0,1,0.0,1,0.0,1
1581,0,0.0,1,0.0,1,0.0,1,0.0,1,0.0,1
1582,0,0.0,1,0.0,1,0.0,1,0.0,1,0.0,1
1583,0,0.0,1,0.0,1,0.0,1,0.0,1,0.0,1
1585,0,0.0,1,0.0,1,0.0,1,0.0,1,0.0,1
1586,0,0.0,1,0.0,1,0.0,1,0.0,1,0.0,1
1587,0,0.0,1,0.0,1,0.0,1,0.0,1,0.0,1
1588,0,0.0,1,0.0,1,0.0,1,0.0,1,0.0,1
1589,0,0.0,1,0.0,1,0.0,1,0.0,1,0.0,1
1590,0,0.0,1,0.0,1,0.0,1,0.0,1,0.0,1
1591,0,0.0,1,0.0,1,0.0,1,0.0,1,0.0,1
1592,0,0.0,1,0.0,1,0.0,1,0.0,1,0.0,1
1593,0,0.0,1,0.0,1,0.0,1,0.0,1,0.0,1
1594,0,0.0,1,0.0,1,0.0,1,0.0,1,0.0,1
1595,0,0.0,1,0.0,1,0.0,1,0.0,1,0.0,1
1596,0,0.0,1,0.0,1,0.0,1,0.0,1,0.0,1
1597,0,0.0,1,0.0,1,0.0,1,0.0,1,0.0,1
1598,0,0.0,1,0.0,1,0.0,1,0.0,1,0.0,1
1599,0,0.0,1,0.0,1,0.0,1,0.0,1,0.0,1
1600,0,0.0,1,0.0,1,0.0,1,0.0,1,0.0,1
1601,0,0.0,1,0.0,1,0.0,1,0.0,1,0.0,1
1602,0,0.0,1,0.0,1,0.0,1,0.0,1,0.0,1
1603,0,0.0,1,0.0,1,0.0,1,0.0,1,0.0,1
1604,1,0.0,1,0.0,1,0.0,1,0.0,1,0.0,1
1605,1,0.0,1,0.0,1,0.0,1,0.0,1,40000000.0,4
1606,0,0.0,1,0.0,1,0.0,1,0.0,1,0.0,1
1607,0,0.0,1,0.0,1,0.0,1,0.0,1,0.0,1
1608,0,0.0,1,0.0,1,0.0,1,0.0,1,0.0,1
1609,0,0.0,1,0.0,1,0.0,1,0.0,1,0.0,1
1610,0,0.0,1,0.0,1,0.0,1,0.0,1,0.0,1
1611,3,0.0,1,0.0,1,0.0,1,0.0,1,400000000.11,4
1612,0,0.0,1,0.0,1,0.0,1,0.0,1,0.0,1
1613,0,0.0,1,0.0,1,0.0,1,0.0,1,0.0,1
1614,0,0.0,1,0.0,1,0.0,1,0.0,1,0.0,1
1615,1,0.0,1,0.0,1,0.0,1,0.0,1,0.0,1
1616,1,0.0,1,0.0,1,0.0,1,0.0,1,0.0,1
1617,9,0.0,1,0.0,1,0.0,1,0.0,1,0.0,1
1618,0,0.0,1,0.0,1,0.0,1,0.0,1,0.0,1
1619,2,0.0,1,0.0,1,44272.27,3,0.0,1,88544.55,3
1620,1,0.0,1,0.0,1,0.0,1,0.0,1,4500.0,2
1621,0,0.0,1,0.0,1,0.0,1,0.0,1,0.0,1
1622,0,0.0,1,0.0,1,0.0,1,0.0,1,0.0,1
1623,0,0.0,1,0.0,1,0.0,1,0.0,1,0.0,1
1624,0,0.0,1,0.0,1,0.0,1,0.0,1,0.0,1
1627,0,0.0,1,0.0,1,0.0,1,0.0,1,0.0,1
1628,1,0.0,1,0.0,1,0.0,1,0.0,1,0.0,1
1629,0,0.0,1,0.0,1,0.0,1,0.0,1,0.0,1
1630,0,0.0,1,0.0,1,0.0,1,0.0,1,0.0,1
1631,0,0.0,1,0.0,1,0.0,1,0.0,1,0.0,1
1632,3,0.0,3,0.0,1,1660.21,3,35.0,3,6242.39,3
1633,0,0.0,1,0.0,1,0.0,1,0.0,1,0.0,1
1634,0,0.0,1,0.0,1,0.0,1,0.0,1,0.0,1
1635,0,0.0,1,0.0,1,0.0,1,0.0,1,0.0,1
1636,0,0.0,1,0.0,1,0.0,1,0.0,1,0.0,1
1637,0,0.0,1,0.0,1,0.0,1,0.0,1,0.0,1
1638,0,0.0,1,0.0,1,0.0,1,0.0,1,0.0,1
1639,0,0.0,1,0.0,1,0.0,1,0.0,1,0.0,1
1640,0,0.0,1,0.0,1,0.0,1,0.0,1,0.0,1
1641,0,0.0,1,0.0,1,0.0,1,0.0,1,0.0,1
1642,0,0.0,1,0.0,1,0.0,1,0.0,1,0.0,1
1643,0,0.0,1,0.0,1,0.0,1,0.0,1,0.0,1
1644,0,0.0,1,0.0,1,0.0,1,0.0,1,0.0,1
1645,0,0.0,1,0.0,1,0.0,1,0.0,1,0.0,1
1646,0,0.0,1,0.0,1,0.0,1,0.0,1,0.0,1
1647,0,0.0,1,0.0,1,0.0,1,0.0,1,0.0,1
1648,0,0.0,1,0.0,1,0.0,1,0.0,1,0.0,1
1649,0,0.0,1,0.0,1,0.0,1,0.0,1,0.0,1
1650,0,0.0,1,0.0,1,0.0,1,0.0,1,0.0,1
1651,0,0.0,1,0.0,1,0.0,1,0.0,1,0.0,1
1653,0,0.0,1,0.0,1,0.0,1,0.0,1,0.0,1
1654,0,0.0,1,0.0,1,0.0,1,0.0,1,0.0,1
1655,0,0.0,1,0.0,1,0.0,1,0.0,1,0.0,1
1656,0,0.0,1,0.0,1,0.0,1,0.0,1,0.0,1
1657,0,0.0,1,0.0,1,0.0,1,0.0,1,0.0,1
1658,0,0.0,1,0.0,1,0.0,1,0.0,1,0.0,1
1661,0,0.0,1,0.0,1,0.0,1,0.0,1,0.0,1
1664,0,0.0,1,0.0,1,0.0,1,0.0,1,0.0,1
1665,0,0.0,1,0.0,1,0.0,1,0.0,1,0.0,1
1666,0,0.0,1,0.0,1,0.0,1,0.0,1,0.0,1
1667,0,0.0,1,0.0,1,0.0,1,0.0,1,0.0,1
1668,0,0.0,1,0.0,1,0.0,1,0.0,1,0.0,1
1669,0,0.0,1,0.0,1,0.0,1,0.0,1,0.0,1
1670,0,0.0,1,0.0,1,0.0,1,0.0,1,0.0,1
1671,0,0.0,1,0.0,1,0.0,1,0.0,1,0.0,1
1672,0,0.0,1,0.0,1,0.0,1,0.0,1,0.0,1
1673,0,0.0,1,0.0,1,0.0,1,0.0,1,0.0,1
1674,0,0.0,1,0.0,1,0.0,1,0.0,1,0.0,1
1675,0,0.0,1,0.0,1,0.0,1,0.0,1,0.0,1
1677,0,0.0,1,0.0,1,0.0,1,0.0,1,0.0,1
1678,0,0.0,1,0.0,1,0.0,1,0.0,1,0.0,1
1679,0,0.0,1,0.0,1,0.0,1,0.0,1,0.0,1
1680,0,0.0,1,0.0,1,0.0,1,0.0,1,0.0,1
1681,0,0.0,1,0.0,1,0.0,1,0.0,1,0.0,1
1682,0,0.0,1,0.0,1,0.0,1,0.0,1,0.0,1
1683,0,0.0,1,0.0,1,0.0,1,0.0,1,0.0,1
1684,0,0.0,1,0.0,1,0.0,1,0.0,1,0.0,1
1685,0,0.0,1,0.0,1,0.0,1,0.0,1,0.0,1
1686,0,0.0,1,0.0,1,0.0,1,0.0,1,0.0,1
1687,0,0.0,1,0.0,1,0.0,1,0.0,1,0.0,1
1688,0,0.0,1,0.0,1,0.0,1,0.0,1,0.0,1
1689,0,0.0,1,0.0,1,0.0,1,0.0,1,0.0,1
1690,0,0.0,1,0.0,1,0.0,1,0.0,1,0.0,1
1691,0,0.0,1,0.0,1,0.0,1,0.0,1,0.0,1
1692,0,0.0,1,0.0,1,0.0,1,0.0,1,0.0,1
1693,0,0.0,1,0.0,1,0.0,1,0.0,1,0.0,1
1694,0,0.0,1,0.0,1,0.0,1,0.0,1,0.0,1
1695,0,0.0,1,0.0,1,0.0,1,0.0,1,0.0,1
1697,0,0.0,1,0.0,1,0.0,1,0.0,1,0.0,1
1698,0,0.0,1,0.0,1,0.0,1,0.0,1,0.0,1
1699,0,0.0,1,0.0,1,0.0,1,0.0,1,0.0,1
1700,0,0.0,1,0.0,1,0.0,1,0.0,1,0.0,1
1701,0,0.0,1,0.0,1,0.0,1,0.0,1,0.0,1
1702,0,0.0,1,0.0,1,0.0,1,0.0,1,0.0,1
1703,0,0.0,1,0.0,1,0.0,1,0.0,1,0.0,1
1704,0,0.0,1,0.0,1,0.0,1,0.0,1,0.0,1
1705,0,0.0,1,0.0,1,0.0,1,0.0,1,0.0,1
1706,0,0.0,1,0.0,1,0.0,1,0.0,1,0.0,1
1707,0,0.0,1,0.0,1,0.0,1,0.0,1,0.0,1
1708,0,0.0,1,0.0,1,0.0,1,0.0,1,0.0,1
1709,0,0.0,1,0.0,1,0.0,1,0.0,1,0.0,1
1710,0,0.0,1,0.0,1,0.0,1,0.0,1,0.0,1
1711,0,0.0,1,0.0,1,0.0,1,0.0,1,0.0,1
1712,0,0.0,1,0.0,1,0.0,1,0.0,1,0.0,1
1713,0,0.0,1,0.0,1,0.0,1,0.0,1,0.0,1
1714,0,0.0,1,0.0,1,0.0,1,0.0,1,0.0,1
