numtechno,child_techno,numsolution
1,"[1, 2, 5, 10, 19, 27, 31, 36, 47, 49, 61, 72, 82, 98, 106]","[1, 1513, 1519, 1523, 1527, 1533, 1535, 1536, 1538, 1543, 1567, 1585, 1592, 1662]"
2,"[3, 4, 55, 56]","[428, 430, 442, 449, 901, 921, 950, 970, 974, 981, 1078]"
3,[120],
4,"[121, 122, 123]",
5,"[6, 7, 8, 9, 124, 125, 126]",
6,,"[714, 715, 1045, 1068, 1503, 1708]"
7,"[127, 128, 129, 130]",
8,"[131, 132, 133, 134, 135]",
9,"[136, 137, 138]",
10,"[11, 12, 13, 14, 15, 16, 17, 18, 119, 139, 140]",
11,"[141, 142, 143, 144, 145, 146, 147, 148, 149, 150, 151, 152, 153, 154]",
12,"[155, 156, 157, 158, 159, 160, 161, 162, 163, 164]",
13,"[165, 166, 167, 168, 169, 170, 171, 172, 173, 174, 175]",
14,"[176, 177, 178, 179, 180, 181, 182, 183, 184, 185, 186, 187, 188]",
15,"[189, 190, 191, 192, 193]",
16,"[194, 195, 196, 197, 198, 199, 200, 201]",
17,"[202, 203, 204, 205, 206, 207, 208, 209, 210, 211, 212, 213, 214]",
18,"[215, 216, 217, 218, 219, 220, 221]",
19,"[20, 21, 22, 23, 24, 25, 26, 222, 223, 224]",
21,"[225, 226, 227, 228, 229, 230, 231, 232]",
22,"[233, 234, 235, 236]",
23,"[237, 238, 239, 240, 241]",
24,,"[485, 771, 780, 800, 883, 1017, 1036, 1482, 1522]"
25,,"[486, 489, 491, 494, 495, 769, 783, 873, 930, 1005, 1006, 1007, 1025, 1481, 1586]"
26,,[1094]
27,"[28, 29, 30, 242, 243]",
28,"[244, 245]",[1686]
29,"[246, 247]",[1683]
30,"[248, 249]",[1685]
31,"[32, 33, 34, 35]",
33,,"[240, 1032, 1039, 1042]"
34,,"[385, 583, 1077, 1462, 1463]"
36,"[37, 38, 39, 40, 41, 42, 43, 44, 45, 46, 112]",
37,"[250, 251, 252, 253]",
38,"[254, 255, 256, 257, 258]",[1643]
39,"[259, 260]",
40,,[898]
41,,[986]
43,,"[916, 1090]"
44,"[261, 262, 263, 264]",
45,"[265, 266, 267, 268]",
46,"[269, 270, 271, 272]",
47,"[48, 50, 51, 52, 53, 54]",
48,"[273, 274, 275, 276]",
49,"[57, 58, 59, 60, 277, 278, 279]",
50,"[280, 281, 282]",
53,,[1483]
54,"[283, 284, 285, 286, 287, 288]",
55,[289],"[66, 441, 951, 955]"
56,,[1484]
59,,"[1664, 1666, 1667, 1670, 1671, 1672, 1673, 1677, 1689, 1697, 1699]"
60,,[1692]
61,"[62, 63, 64, 65, 66, 67, 68, 69, 70, 71, 290]",
62,,"[1581, 1583]"
63,,[1568]
64,,"[1589, 1590]"
65,,[1591]
67,,[1598]
68,,[1587]
69,,"[1576, 1579, 1582, 1657]"
70,,[1580]
71,,[1594]
72,"[73, 74, 75, 76, 77, 78, 79, 80, 81]",
73,,"[1647, 1648, 1649]"
74,,"[1577, 1593, 1650, 1653, 1655]"
75,,[1534]
77,,[1654]
79,,[1651]
80,,[1578]
81,,"[1588, 1656]"
82,"[83, 84, 85, 86, 87, 88, 89, 90, 91, 92, 93, 94, 95, 96, 97]",
84,,[1597]
96,,[1595]
98,"[99, 100, 101, 102, 103, 104, 105]",
99,,[1596]
106,"[107, 108, 109, 110, 111]",
112,"[113, 114, 115, 116, 117, 118]",
113,,"[1599, 1600, 1601]"
114,,"[1602, 1603]"
115,,"[1604, 1605]"
116,,"[1606, 1607, 1608, 1609, 1610]"
117,,"[1611, 1612]"
118,,"[1613, 1614]"
119,,"[48, 1619, 1621, 1622]"
120,,"[241, 242, 426, 431, 432, 433, 435, 744, 797, 944, 960, 1661, 1665, 1701]"
121,,"[333, 337, 338, 448]"
122,,"[342, 447, 745, 893, 932]"
123,,"[429, 446, 450, 943, 1497]"
124,,"[422, 423, 439, 716, 748, 749, 754, 755, 756, 757, 758, 1631]"
125,,"[282, 373, 530, 534, 535, 570, 746, 896, 907, 946, 949]"
126,,[1071]
127,,"[105, 108, 256, 265, 266, 268, 271, 277, 279, 280, 283, 285, 286, 287, 290, 291, 292, 293, 294, 295, 298, 370, 371, 374, 384, 386, 543, 544, 545, 550, 556, 557, 558, 561, 562, 568, 569, 575, 739, 765, 766, 767, 812, 820, 821, 823, 824, 833, 845, 915, 961, 966, 978, 1062, 1075, 1080, 1100, 1112, 1113, 1128, 1130, 1131, 1132, 1133, 1486, 1489, 1498, 1623, 1624, 1633, 1634, 1687, 1703, 1706, 1707]"
128,,"[18, 20, 36, 102, 103, 109, 110, 260, 377, 378, 392, 906, 928, 1052, 1500, 1504, 1627]"
129,,[1499]
130,,"[264, 379, 380, 381, 382, 388, 390, 425, 567, 572, 573, 844, 857, 1081, 1108, 1628]"
131,,[236]
132,,"[221, 229, 239, 329, 334, 393, 394, 395, 396, 397, 398, 404, 407, 408, 698, 727, 849, 850, 852, 854, 856, 983, 1121]"
133,,"[223, 225, 226, 227, 335, 400, 403, 406, 418, 419, 420, 531, 697, 701, 729, 839, 846, 847, 851, 859, 861, 863, 1110, 1111, 1134, 1501]"
134,,"[232, 233, 234, 414, 415, 753]"
135,,"[222, 228, 230, 231, 235, 399, 411, 412, 416, 421, 726, 728, 855, 910, 912, 980, 1000]"
136,,"[99, 100, 262, 263, 267, 1067, 1573, 1712]"
137,,"[97, 250, 251, 252, 253, 254, 255, 269, 718, 818, 836, 897, 1074, 1099, 1107, 1571, 1572, 1574, 1575, 1629]"
138,,"[261, 270, 808, 1554, 1555, 1556, 1557, 1558, 1713]"
139,,"[1695, 1702]"
140,,[1615]
141,,"[153, 502, 938, 1056]"
142,,"[154, 171, 778, 971, 1092]"
143,,"[162, 168, 169]"
144,,"[145, 152, 258, 332, 779, 1688]"
145,,"[161, 167]"
146,,"[164, 165]"
147,,"[176, 178, 720, 937]"
148,,"[146, 148, 149, 155, 170, 1057, 1061, 1118]"
149,,"[143, 144, 160, 163, 500, 929, 954, 1135]"
151,,"[156, 157, 158, 159, 926, 1001]"
152,,"[150, 151]"
154,,"[147, 172, 174, 1058, 1116]"
155,,"[325, 336, 350, 354, 357]"
157,,"[248, 355, 356, 358]"
158,,"[206, 274, 276, 296, 320, 348, 546, 547, 548, 551, 552, 553, 554, 813, 832, 962, 1003, 1022, 1082, 1105]"
159,,"[188, 322, 347, 353]"
160,,"[304, 305, 306, 312, 327, 359, 712, 878, 1064, 1102]"
161,,"[201, 205, 272, 273, 299, 300, 301, 302, 309, 310, 311, 315, 316, 324, 330, 343, 352, 364, 706, 763, 1041]"
162,,"[214, 246, 321, 349, 351, 711, 979, 1016, 1505]"
163,,"[187, 189, 207, 297, 308, 319, 894, 924, 963, 1034]"
164,,"[208, 307, 705, 865, 1087, 1088]"
165,,"[126, 134, 140]"
166,,"[123, 128, 133]"
167,,"[113, 345]"
168,,[114]
169,,"[118, 130, 139, 514, 515, 796, 1044, 1493]"
170,,"[127, 131, 132]"
171,,"[129, 141]"
172,,"[136, 717, 1046]"
173,,"[115, 116, 117, 853, 892]"
174,,[142]
175,,"[120, 121, 122, 124, 125, 135, 137, 138, 424, 516, 518, 721, 731]"
176,,"[4, 890]"
177,,"[2, 3, 8, 871, 1048, 1095, 1129]"
178,,"[11, 22, 33, 1620]"
179,,"[6, 7, 19, 28, 29, 30, 41, 111, 389, 790, 1076, 1093]"
180,,"[49, 774]"
181,,"[10, 25, 26, 40, 826]"
182,,"[9, 12, 259, 803, 866, 867, 1002, 1053]"
183,,"[21, 24, 27, 31, 32, 1693]"
184,,"[13, 14, 15, 16, 44, 405, 817, 969]"
185,,"[45, 46, 47, 738, 831, 922, 923, 1037, 1630]"
186,,"[5, 34, 35, 39, 42, 507, 723, 724, 793, 834, 835, 1049, 1114, 1445]"
187,,"[23, 506, 902]"
188,,"[17, 1009, 1616, 1617, 1618]"
189,,"[51, 328, 508, 509, 872]"
190,,"[50, 54, 57, 249, 331, 722, 1070, 1117, 1491, 1507]"
191,,"[56, 243, 344, 346, 719]"
192,,"[55, 60, 62]"
193,,"[58, 59, 61, 340, 789]"
194,,"[67, 75, 876, 945, 1060]"
195,,"[510, 743]"
196,,"[72, 511, 794]"
197,,"[70, 73, 74, 503]"
198,,[64]
200,,"[63, 65, 512, 578, 791, 925]"
201,,"[68, 69, 71, 76, 77, 317]"
203,,"[707, 710]"
204,,[1646]
205,,"[186, 197, 199, 211]"
206,,[209]
207,,"[200, 709, 1097]"
208,,"[184, 185, 202, 203, 257, 275, 965]"
210,,"[191, 192, 193, 365]"
211,,"[104, 212, 213, 215, 216, 217, 218, 492, 798]"
212,,[204]
213,,"[179, 180, 182, 183, 194, 196, 198, 219, 366, 367, 1031, 1043, 1065]"
214,,"[181, 339, 864, 1004, 1008]"
215,,"[93, 94, 1051, 1143]"
216,,"[80, 81, 86, 88, 505, 513, 1021, 1096, 1490]"
217,,"[89, 90, 1050]"
218,,"[95, 210, 1047]"
219,,"[79, 504, 1014]"
220,,"[82, 87, 91, 891]"
221,,"[83, 84, 85, 92]"
222,,"[781, 782, 785, 786, 787, 870, 885, 886, 1027, 1028, 1030, 1072]"
223,,"[43, 482, 483, 487, 488, 770, 776, 802, 889, 1055, 1141]"
224,,"[484, 888, 1029]"
226,,"[360, 725, 777, 875, 881, 935, 1020]"
227,,"[361, 931, 936, 1013, 1019, 1480, 1487]"
229,,"[437, 490, 496, 497, 773, 879, 903, 1018, 1035, 1091, 1485]"
230,,"[768, 799, 877]"
231,,"[884, 920]"
232,,"[708, 882, 1010]"
233,,[1137]
234,,"[1136, 1138, 1488]"
236,,[1139]
237,,"[917, 942]"
238,,"[919, 948, 1101, 1104, 1142, 1144, 1506]"
239,,"[940, 941, 958, 1103, 1140, 1492]"
240,,[959]
241,,"[918, 947]"
242,,[1714]
243,,"[1682, 1684]"
244,,"[874, 1011]"
246,,"[314, 323, 368, 391, 539, 585, 752, 810, 814, 904, 909, 933, 968, 1109, 1502, 1635, 1636]"
247,,"[376, 529, 586, 750, 759, 760, 761, 868, 905, 1033]"
248,,"[736, 737, 967, 1085, 1476, 1477, 1479]"
249,,"[341, 869, 887, 989, 1024, 1073, 1478]"
250,,[899]
258,,[784]
259,,"[913, 987, 1458, 1459, 1460, 1461]"
264,,"[78, 804, 1464, 1465, 1466, 1467]"
266,,"[858, 914, 1446, 1447, 1448, 1449, 1450, 1451, 1452, 1453, 1454, 1455, 1456, 1457, 1711]"
269,,"[582, 1632]"
273,,[1709]
277,,"[801, 990, 992, 993, 996, 997, 1468, 1469, 1470, 1471, 1472, 1658, 1668, 1669, 1675, 1691]"
278,,"[991, 995, 998, 1012, 1023, 1054, 1473, 1474, 1475, 1674, 1678, 1679, 1680, 1681, 1690, 1700, 1710]"
279,,"[1509, 1510, 1511, 1698]"
280,,"[1083, 1637, 1639, 1641, 1642]"
281,,"[732, 1119, 1638, 1640, 1644, 1645]"
282,,"[733, 734, 1120]"
283,,"[466, 471, 473, 474, 478, 840]"
284,,"[464, 1495, 1496, 1508]"
285,,"[453, 455, 468, 472, 476, 772, 805, 807, 985, 994, 1026, 1125, 1126, 1494, 1559, 1694, 1705]"
286,,"[454, 463, 469, 470, 742, 827, 828]"
287,,"[452, 456, 461, 462, 475, 479, 480, 481, 806, 829, 900, 977, 984, 1124, 1561, 1704]"
288,,"[451, 457, 458, 459, 460, 975, 976, 1123, 1560]"
289,,"[245, 427, 440, 443, 444, 445, 713, 956, 1098]"
